{
  "config": {
    "run_name": "exp1_1",
    "out_dir": "./results",
    "seed": 1309693426,
    "device": null,
    "bs_train": 128,
    "bs_test": 32,
    "batches": 100,
    "epochs": 50,
    "early_stopping": 3,
    "checkpoints": null,
    "lr": 0.001,
    "reg": 0.001,
    "filters_per_layer": [
      64
    ],
    "pool_every": 1,
    "hidden_dims": [
      1024
    ],
    "model_type": "cnn",
    "kw": {
      "conv_params": {
        "kernel_size": 3,
        "padding": 1,
        "stride": 1
      },
      "activation_type": "relu",
      "activation_params": {},
      "pooling_type": "max",
      "pooling_params": {
        "kernel_size": 2
      }
    },
    "layers_per_block": 2
  },
  "results": {
    "num_epochs": 15,
    "train_loss": [
      1.5655653501105735,
      1.2471675186815774,
      1.1176403053581256,
      1.020578015795754,
      0.9435796848953227,
      0.8779140037039052,
      0.8174796500779173,
      0.7580515818522714,
      0.7122613874542744,
      0.6663230976942555,
      0.6294101358527113,
      0.5886369573948024,
      0.5501238257836198,
      0.5076528226628023,
      0.47908912823938044
    ],
    "train_acc": [
      44.906,
      56.87,
      61.886,
      65.758,
      68.892,
      71.36,
      73.816,
      76.288,
      77.948,
      79.824,
      81.552,
      83.428,
      84.838,
      86.554,
      87.654
    ],
    "test_loss": [
      1.3041306193263387,
      1.1879252050631344,
      1.0945291532495152,
      1.006102555856918,
      0.965864994655402,
      0.9425346815167144,
      0.9213093738205517,
      0.9003695039132151,
      0.9352767018083566,
      0.9481973620458913,
      0.923488082215428,
      0.9222358161458573,
      0.9394573512168738,
      0.9848755223872944,
      1.0178143410636975
    ],
    "test_acc": [
      52.89,
      58.12,
      61.69,
      64.9,
      66.34,
      67.14,
      68.07,
      68.95,
      67.92,
      67.71,
      69.0,
      69.43,
      69.31,
      67.66,
      67.31
    ]
  }
}