{
  "config": {
    "run_name": "exp1_2",
    "out_dir": "./results",
    "seed": 1964681515,
    "device": null,
    "bs_train": 128,
    "bs_test": 32,
    "batches": 100,
    "epochs": 60,
    "early_stopping": 3,
    "checkpoints": null,
    "lr": 0.001,
    "reg": 0.001,
    "filters_per_layer": [
      64
    ],
    "pool_every": 2,
    "hidden_dims": [
      1024
    ],
    "model_type": "cnn",
    "kw": {
      "conv_params": {
        "kernel_size": 3,
        "padding": 1,
        "stride": 1
      },
      "activation_type": "relu",
      "activation_params": {},
      "pooling_type": "max",
      "pooling_params": {
        "kernel_size": 2,
        "stride": 2
      }
    },
    "layers_per_block": 2
  },
  "results": {
    "num_epochs": 12,
    "train_loss": [
      1.540406340223444,
      1.2182933189679899,
      1.1020481449258908,
      1.006031564434471,
      0.9178515451643473,
      0.8332565882626701,
      0.7564097473688443,
      0.6964832419324714,
      0.6125158639362706,
      0.5496775477438631,
      0.5152550092743485,
      0.4611525456313892
    ],
    "train_acc": [
      46.524,
      58.826,
      63.472,
      67.576,
      71.254,
      74.784,
      78.006,
      80.304,
      83.794,
      86.806,
      87.872,
      90.06
    ],
    "test_loss": [
      1.2709050300403144,
      1.1848776666120218,
      1.1004037510472746,
      1.0505727453353686,
      1.0301594656115522,
      1.000655398391687,
      1.023237206874945,
      1.036362375028598,
      1.0515480838454188,
      1.1535077693934639,
      1.2102924726260738,
      1.237958677660543
    ],
    "test_acc": [
      54.5,
      57.54,
      61.24,
      63.13,
      64.22,
      65.06,
      65.19,
      65.74,
      65.96,
      64.09,
      63.09,
      63.53
    ]
  }
}