{
  "config": {
    "run_name": "exp1_1",
    "out_dir": "./results",
    "seed": 24142722,
    "device": null,
    "bs_train": 128,
    "bs_test": 32,
    "batches": 100,
    "epochs": 50,
    "early_stopping": 3,
    "checkpoints": null,
    "lr": 0.001,
    "reg": 0.001,
    "filters_per_layer": [
      32
    ],
    "pool_every": 3,
    "hidden_dims": [
      1024
    ],
    "model_type": "cnn",
    "kw": {
      "conv_params": {
        "kernel_size": 3,
        "padding": 1,
        "stride": 1
      },
      "activation_type": "relu",
      "activation_params": {},
      "pooling_type": "max",
      "pooling_params": {
        "kernel_size": 2
      }
    },
    "layers_per_block": 8
  },
  "results": {
    "num_epochs": 4,
    "train_loss": [
      2.3029078321383736,
      2.302722294312304,
      2.302711080712126,
      2.302709026409842
    ],
    "train_acc": [
      10.028,
      9.844,
      9.75,
      9.694
    ],
    "test_loss": [
      2.3026228910817887,
      2.302602719194211,
      2.302602144095083,
      2.3026004302235075
    ],
    "test_acc": [
      10.0,
      10.0,
      10.0,
      10.0
    ]
  }
}