{
  "config": {
    "run_name": "exp1_1",
    "out_dir": "./results",
    "seed": 1952788699,
    "device": null,
    "bs_train": 128,
    "bs_test": 32,
    "batches": 100,
    "epochs": 60,
    "early_stopping": 3,
    "checkpoints": null,
    "lr": 0.001,
    "reg": 0.001,
    "filters_per_layer": [
      64
    ],
    "pool_every": 5,
    "hidden_dims": [
      1024
    ],
    "model_type": "cnn",
    "kw": {
      "conv_params": {
        "kernel_size": 3,
        "padding": 1,
        "stride": 1
      },
      "activation_type": "relu",
      "activation_params": {},
      "pooling_type": "max",
      "pooling_params": {
        "kernel_size": 2,
        "stride": 2
      }
    },
    "layers_per_block": 8
  },
  "results": {
    "num_epochs": 10,
    "train_loss": [
      1.8397051315478352,
      1.4488630230774355,
      1.2669859767874794,
      1.1241463639242264,
      1.000410786827507,
      0.9019070500912874,
      0.8040686886938636,
      0.746118671525165,
      0.6483160384628169,
      0.5781029551992636
    ],
    "train_acc": [
      33.858,
      50.022,
      56.904,
      62.878,
      68.3,
      72.838,
      77.202,
      79.674,
      83.952,
      87.484
    ],
    "test_loss": [
      1.5450738234260974,
      1.3758483944228663,
      1.2901943432637297,
      1.1676847331059246,
      1.1573428030783377,
      1.207312634196906,
      1.1759773725137923,
      1.222292502657674,
      1.465951369022028,
      1.316065057017171
    ],
    "test_acc": [
      44.27,
      50.79,
      54.02,
      59.38,
      61.13,
      60.81,
      61.16,
      60.46,
      58.48,
      59.07
    ]
  }
}