{
  "config": {
    "run_name": "exp1_2",
    "out_dir": "./results",
    "seed": 2140834540,
    "device": null,
    "bs_train": 128,
    "bs_test": 32,
    "batches": 100,
    "epochs": 60,
    "early_stopping": 3,
    "checkpoints": null,
    "lr": 0.001,
    "reg": 0.001,
    "filters_per_layer": [
      32
    ],
    "pool_every": 2,
    "hidden_dims": [
      1024
    ],
    "model_type": "cnn",
    "kw": {
      "conv_params": {
        "kernel_size": 3,
        "padding": 1,
        "stride": 1
      },
      "activation_type": "relu",
      "activation_params": {},
      "pooling_type": "max",
      "pooling_params": {
        "kernel_size": 2,
        "stride": 2
      }
    },
    "layers_per_block": 2
  },
  "results": {
    "num_epochs": 11,
    "train_loss": [
      1.5093395801456384,
      1.2052919482026259,
      1.0800070719950645,
      0.9869769479307677,
      0.9066729769682336,
      0.8314302565191712,
      0.7644864520453432,
      0.6961795960545845,
      0.6336544837488238,
      0.5890501691099933,
      0.5226256835948476
    ],
    "train_acc": [
      47.92,
      59.596,
      64.678,
      68.506,
      71.834,
      74.808,
      77.57,
      80.628,
      83.214,
      84.984,
      87.914
    ],
    "test_loss": [
      1.286630944893383,
      1.1131328812803323,
      1.0434347659635086,
      1.008512807920718,
      0.9835726531168905,
      0.9694248041786706,
      0.9356137784525228,
      0.9383131905485647,
      0.9659253654007713,
      0.9890856694299192,
      1.0008437080314745
    ],
    "test_acc": [
      54.16,
      60.58,
      63.08,
      64.19,
      65.57,
      66.2,
      67.74,
      68.21,
      67.31,
      67.13,
      67.92
    ]
  }
}