{
  "config": {
    "run_name": "exp1_1",
    "out_dir": "./results",
    "seed": 2140421615,
    "device": null,
    "bs_train": 128,
    "bs_test": 32,
    "batches": 100,
    "epochs": 50,
    "early_stopping": 3,
    "checkpoints": null,
    "lr": 0.001,
    "reg": 0.001,
    "filters_per_layer": [
      64
    ],
    "pool_every": 2,
    "hidden_dims": [
      1024
    ],
    "model_type": "cnn",
    "kw": {
      "conv_params": {
        "kernel_size": 3,
        "padding": 1,
        "stride": 1
      },
      "activation_type": "relu",
      "activation_params": {},
      "pooling_type": "max",
      "pooling_params": {
        "kernel_size": 2
      }
    },
    "layers_per_block": 4
  },
  "results": {
    "num_epochs": 10,
    "train_loss": [
      1.6125936983796336,
      1.1618694016695632,
      0.9765377573649902,
      0.8571156770981792,
      0.7596843763995353,
      0.6736902661640626,
      0.5877384108960476,
      0.5282005743145028,
      0.4635527569924474,
      0.4269711243374573
    ],
    "train_acc": [
      42.872,
      60.968,
      68.092,
      72.744,
      76.89,
      80.592,
      84.444,
      86.988,
      89.812,
      91.254
    ],
    "test_loss": [
      1.270634592531588,
      1.0610814799135104,
      0.9363292754648592,
      0.8637350388228322,
      0.8449098668730678,
      0.8548779453332431,
      0.8832896535579389,
      0.9328887098894333,
      1.0552749038694766,
      1.0535951575722557
    ],
    "test_acc": [
      55.05,
      62.47,
      67.03,
      70.03,
      70.78,
      71.05,
      71.3,
      70.97,
      68.58,
      69.12
    ]
  }
}