{
  "config": {
    "run_name": "exp1_2",
    "out_dir": "./results",
    "seed": 787980700,
    "device": null,
    "bs_train": 128,
    "bs_test": 32,
    "batches": 100,
    "epochs": 50,
    "early_stopping": 3,
    "checkpoints": null,
    "lr": 0.001,
    "reg": 0.001,
    "filters_per_layer": [
      64
    ],
    "pool_every": 3,
    "hidden_dims": [
      1024
    ],
    "model_type": "cnn",
    "kw": {
      "conv_params": {
        "kernel_size": 3,
        "padding": 1,
        "stride": 1
      },
      "activation_type": "relu",
      "activation_params": {},
      "pooling_type": "max",
      "pooling_params": {
        "kernel_size": 2
      }
    },
    "layers_per_block": 8
  },
  "results": {
    "num_epochs": 10,
    "train_loss": [
      1.8857194929171706,
      1.5280303857515536,
      1.3238640785827052,
      1.1602749336710976,
      1.0147545109014682,
      0.8957377095966388,
      0.8036141477887283,
      0.7248703980689768,
      0.6667112320890207,
      0.6113371470242815
    ],
    "train_acc": [
      31.928,
      46.02,
      54.324,
      61.076,
      67.016,
      71.858,
      75.852,
      79.402,
      82.2,
      84.576
    ],
    "test_loss": [
      1.6341353582497984,
      1.3640406619245633,
      1.2687963689097201,
      1.131278537142391,
      1.0378958864714771,
      1.074259486537391,
      0.9898996361718772,
      1.082556399293601,
      1.1361090518034305,
      1.1246914572228257
    ],
    "test_acc": [
      40.17,
      50.01,
      54.84,
      59.85,
      63.44,
      64.36,
      66.4,
      63.96,
      63.44,
      65.72
    ]
  }
}