{
  "config": {
    "run_name": "exp1_1",
    "out_dir": "./results",
    "seed": 1206266277,
    "device": null,
    "bs_train": 128,
    "bs_test": 32,
    "batches": 100,
    "epochs": 50,
    "early_stopping": 3,
    "checkpoints": null,
    "lr": 0.001,
    "reg": 0.001,
    "filters_per_layer": [
      32
    ],
    "pool_every": 2,
    "hidden_dims": [
      1024
    ],
    "model_type": "cnn",
    "kw": {
      "conv_params": {
        "kernel_size": 3,
        "padding": 1,
        "stride": 1
      },
      "activation_type": "relu",
      "activation_params": {},
      "pooling_type": "max",
      "pooling_params": {
        "kernel_size": 2
      }
    },
    "layers_per_block": 4
  },
  "results": {
    "num_epochs": 10,
    "train_loss": [
      1.7037252032238503,
      1.3321417524381671,
      1.0974028965701228,
      0.9525573518879883,
      0.8544324868170502,
      0.7729561528586366,
      0.6937185804099988,
      0.6215284029998438,
      0.5579808114282311,
      0.5110395681065367
    ],
    "train_acc": [
      39.034,
      53.7,
      63.248,
      68.764,
      72.612,
      76.09,
      79.584,
      82.792,
      85.528,
      87.488
    ],
    "test_loss": [
      1.4119341611481322,
      1.1982541985024278,
      1.0023977910748685,
      0.9532072782135619,
      0.9293271136550477,
      0.9008494308962228,
      0.8974676997707294,
      0.9427770594247995,
      1.0506113997092261,
      1.0065439749068725
    ],
    "test_acc": [
      48.66,
      57.11,
      64.27,
      66.69,
      67.55,
      68.74,
      69.93,
      68.97,
      67.07,
      68.88
    ]
  }
}