{
  "config": {
    "run_name": "exp1_2",
    "out_dir": "./results",
    "seed": 163207156,
    "device": null,
    "bs_train": 128,
    "bs_test": 32,
    "batches": 100,
    "epochs": 50,
    "early_stopping": 3,
    "checkpoints": null,
    "lr": 0.001,
    "reg": 0.001,
    "filters_per_layer": [
      128
    ],
    "pool_every": 1,
    "hidden_dims": [
      1024
    ],
    "model_type": "cnn",
    "kw": {
      "conv_params": {
        "kernel_size": 3,
        "padding": 1,
        "stride": 1
      },
      "activation_type": "relu",
      "activation_params": {},
      "pooling_type": "max",
      "pooling_params": {
        "kernel_size": 2
      }
    },
    "layers_per_block": 2
  },
  "results": {
    "num_epochs": 14,
    "train_loss": [
      1.6431043407191401,
      1.3026464587587225,
      1.173898355887674,
      1.0902861782047144,
      1.0216670824438714,
      0.9584261640868224,
      0.9026244447359344,
      0.8522558785460489,
      0.8038279930953784,
      0.7627040513641085,
      0.7199604939621733,
      0.679243074887244,
      0.6431797418905341,
      0.6162559259730531
    ],
    "train_acc": [
      41.58,
      54.776,
      59.888,
      63.262,
      65.782,
      68.362,
      70.64,
      72.63,
      74.558,
      76.182,
      77.902,
      79.708,
      81.17,
      82.3
    ],
    "test_loss": [
      1.381482274197161,
      1.2198256640769423,
      1.1433480553352795,
      1.074397740082238,
      1.0298234757523947,
      0.9943628071215206,
      0.9654997562448057,
      0.9613912955831034,
      0.9636846546547863,
      0.9782482358975152,
      0.9585791303517338,
      0.9799664882234872,
      0.9881061983946413,
      1.044467598771135
    ],
    "test_acc": [
      50.78,
      56.88,
      59.35,
      61.83,
      63.72,
      65.11,
      66.0,
      66.37,
      66.38,
      66.54,
      66.92,
      66.72,
      66.54,
      66.15
    ]
  }
}