{
  "config": {
    "run_name": "exp1_2",
    "out_dir": "./results",
    "seed": 1593737681,
    "device": null,
    "bs_train": 128,
    "bs_test": 32,
    "batches": 100,
    "epochs": 60,
    "early_stopping": 3,
    "checkpoints": null,
    "lr": 0.001,
    "reg": 0.001,
    "filters_per_layer": [
      64
    ],
    "pool_every": 3,
    "hidden_dims": [
      1024
    ],
    "model_type": "cnn",
    "kw": {
      "conv_params": {
        "kernel_size": 3,
        "padding": 1,
        "stride": 1
      },
      "activation_type": "relu",
      "activation_params": {},
      "pooling_type": "max",
      "pooling_params": {
        "kernel_size": 2,
        "stride": 2
      }
    },
    "layers_per_block": 4
  },
  "results": {
    "num_epochs": 10,
    "train_loss": [
      1.60229171877322,
      1.2197492398569345,
      1.0278581990610303,
      0.8963088449614737,
      0.7923261911972709,
      0.6905815096005149,
      0.6117031789954056,
      0.5466619444167827,
      0.47953033279579926,
      0.40510580587722456
    ],
    "train_acc": [
      44.304,
      59.126,
      66.778,
      72.136,
      76.508,
      81.476,
      84.614,
      87.564,
      90.392,
      93.372
    ],
    "test_loss": [
      1.3423696287904685,
      1.1041076581318157,
      0.9734698153151491,
      0.9412306259615353,
      0.9002806989910503,
      0.9200714863717746,
      0.9493048692854068,
      1.098989104881835,
      1.1429769334892115,
      1.267364014642307
    ],
    "test_acc": [
      51.42,
      60.83,
      65.71,
      67.0,
      68.44,
      68.44,
      69.47,
      66.69,
      67.66,
      67.09
    ]
  }
}