{
  "config": {
    "run_name": "exp1_4",
    "out_dir": "./results",
    "seed": 880368923,
    "device": null,
    "bs_train": 128,
    "bs_test": 32,
    "batches": 100,
    "epochs": 100,
    "early_stopping": 3,
    "checkpoints": null,
    "lr": 0.001,
    "reg": 0.001,
    "filters_per_layer": [
      32
    ],
    "pool_every": 8,
    "hidden_dims": [
      1024
    ],
    "model_type": "resnet",
    "kw": {
      "batchnorm": true,
      "dropout": 0.3,
      "conv_params": {
        "kernel_size": 3,
        "padding": 1,
        "stride": 1
      },
      "activation_type": "relu",
      "activation_params": {},
      "pooling_type": "max",
      "pooling_params": {
        "kernel_size": 2
      }
    },
    "layers_per_block": 8
  },
  "results": {
    "num_epochs": 18,
    "train_loss": [
      1.9025230718695598,
      1.5924165626925886,
      1.4703593629095562,
      1.39199672544094,
      1.3061726507933245,
      1.2192532249423853,
      1.1280815442809669,
      1.0561295683731509,
      0.9930759578409707,
      0.9305857197402994,
      0.8813147191196451,
      0.8246355322010986,
      0.7758728384666735,
      0.7298167305224387,
      0.6857649297513011,
      0.6394970729527876,
      0.6013548006791898,
      0.5655731189128993
    ],
    "train_acc": [
      33.046,
      44.584,
      48.468,
      51.73,
      54.758,
      58.376,
      61.61,
      64.104,
      66.712,
      69.132,
      70.916,
      73.196,
      75.372,
      76.896,
      78.46,
      80.224,
      81.724,
      82.944
    ],
    "test_loss": [
      1.6454886099020132,
      1.460316323243772,
      1.4104400572304527,
      1.331166559514908,
      1.2522247128974135,
      1.1521831562343878,
      1.1187991037155494,
      1.0481744109632107,
      1.0307069700746871,
      1.0480917656954867,
      1.0312847381773087,
      1.0377112506106259,
      1.065269377094488,
      1.0498380620068255,
      1.0312093649618923,
      1.1139906554366834,
      1.0998122450261831,
      1.1807928558546132
    ],
    "test_acc": [
      41.84,
      47.56,
      50.21,
      52.29,
      55.45,
      58.7,
      60.64,
      62.91,
      63.44,
      64.09,
      64.5,
      64.84,
      65.21,
      65.82,
      66.44,
      65.46,
      65.55,
      64.64
    ]
  }
}