{
  "config": {
    "run_name": "exp1_4",
    "out_dir": "./results",
    "seed": 406914801,
    "device": null,
    "bs_train": 128,
    "bs_test": 32,
    "batches": 100,
    "epochs": 100,
    "early_stopping": 3,
    "checkpoints": null,
    "lr": 0.001,
    "reg": 0.001,
    "filters_per_layer": [
      32
    ],
    "pool_every": 32,
    "hidden_dims": [
      1024
    ],
    "model_type": "resnet",
    "kw": {
      "batchnorm": true,
      "dropout": 0.3,
      "conv_params": {
        "kernel_size": 3,
        "padding": 1,
        "stride": 1
      },
      "activation_type": "relu",
      "activation_params": {},
      "pooling_type": "max",
      "pooling_params": {
        "kernel_size": 2
      }
    },
    "layers_per_block": 32
  },
  "results": {
    "num_epochs": 29,
    "train_loss": [
      1.878250179083451,
      1.5750983432125862,
      1.4932048521993104,
      1.4418415014091355,
      1.4015562217253859,
      1.3646821640336606,
      1.33703803101464,
      1.310713774407916,
      1.2845166214286823,
      1.2613209446372888,
      1.2453736620181053,
      1.2248150384639536,
      1.2093411133722272,
      1.1928941918456035,
      1.1730337312154453,
      1.1619422961683834,
      1.1487708544487234,
      1.1353383350860127,
      1.1222389549245615,
      1.111355322096354,
      1.097852321079625,
      1.0890314441812619,
      1.077920318107166,
      1.067550302466468,
      1.060662989726152,
      1.0513296968796675,
      1.0418038680730268,
      1.0327796858289968,
      1.0245893304915075
    ],
    "train_acc": [
      34.648,
      44.858,
      48.144,
      50.344,
      51.76,
      53.33,
      54.382,
      55.432,
      56.49,
      57.332,
      58.058,
      58.684,
      59.248,
      59.994,
      60.676,
      61.126,
      61.704,
      62.156,
      62.662,
      63.028,
      63.656,
      63.726,
      64.242,
      64.79,
      64.964,
      65.286,
      65.74,
      65.996,
      66.474
    ],
    "test_loss": [
      1.594560175658034,
      1.5052790565612597,
      1.4593796745275918,
      1.4466123504760546,
      1.3759593430418557,
      1.3720767179997966,
      1.3421270736871056,
      1.3430879125579858,
      1.3298138256271046,
      1.3093981173472664,
      1.300816426071496,
      1.292518291229638,
      1.2733597947766606,
      1.2695097963269146,
      1.2722103148222732,
      1.2477165668155439,
      1.2517156976099593,
      1.2453403208202447,
      1.2461887925577622,
      1.2398939081274283,
      1.2408301914081026,
      1.234678548936265,
      1.226472020149231,
      1.2353979446255743,
      1.2308652056291842,
      1.2316247893217653,
      1.2363287703678632,
      1.2273279959782244,
      1.2346196736390598
    ],
    "test_acc": [
      43.61,
      46.82,
      48.0,
      48.84,
      51.61,
      51.33,
      52.5,
      52.66,
      52.68,
      53.49,
      53.84,
      53.77,
      54.14,
      54.9,
      54.63,
      55.24,
      55.37,
      55.85,
      55.65,
      55.8,
      55.9,
      55.73,
      56.04,
      56.11,
      56.48,
      56.64,
      56.31,
      56.61,
      56.46
    ]
  }
}