{
  "config": {
    "run_name": "exp1_2",
    "out_dir": "./results",
    "seed": 1358587056,
    "device": null,
    "bs_train": 128,
    "bs_test": 32,
    "batches": 100,
    "epochs": 60,
    "early_stopping": 3,
    "checkpoints": null,
    "lr": 0.001,
    "reg": 0.001,
    "filters_per_layer": [
      32
    ],
    "pool_every": 5,
    "hidden_dims": [
      1024
    ],
    "model_type": "cnn",
    "kw": {
      "conv_params": {
        "kernel_size": 3,
        "padding": 1,
        "stride": 1
      },
      "activation_type": "relu",
      "activation_params": {},
      "pooling_type": "max",
      "pooling_params": {
        "kernel_size": 2
      }
    },
    "layers_per_block": 8
  },
  "results": {
    "num_epochs": 4,
    "train_loss": [
      2.3030277950989317,
      2.3027232601819443,
      2.3027217668645523,
      2.3027385708011323
    ],
    "train_acc": [
      10.1,
      10.018,
      9.94,
      9.858
    ],
    "test_loss": [
      2.3026073824483366,
      2.3026027847021915,
      2.3026057417019485,
      2.3026029393314933
    ],
    "test_acc": [
      10.0,
      10.0,
      10.0,
      10.0
    ]
  }
}