{
  "config": {
    "run_name": "exp1_4",
    "out_dir": "./results",
    "seed": 1636311664,
    "device": null,
    "bs_train": 128,
    "bs_test": 32,
    "batches": 100,
    "epochs": 100,
    "early_stopping": 3,
    "checkpoints": null,
    "lr": 0.001,
    "reg": 0.001,
    "filters_per_layer": [
      32
    ],
    "pool_every": 4,
    "hidden_dims": [
      1024
    ],
    "model_type": "resnet",
    "kw": {
      "batchnorm": true,
      "dropout": 0.3,
      "conv_params": {
        "kernel_size": 3,
        "padding": 1,
        "stride": 1
      },
      "activation_type": "relu",
      "activation_params": {},
      "pooling_type": "max",
      "pooling_params": {
        "kernel_size": 2,
        "stride": 2
      }
    },
    "layers_per_block": 8
  },
  "results": {
    "num_epochs": 13,
    "train_loss": [
      1.795010737141075,
      1.3288692714613113,
      1.1140526851729664,
      0.9774136695715473,
      0.8755807210417355,
      0.7986213269136141,
      0.7337213809532888,
      0.6848758327991457,
      0.634781992496432,
      0.5859470516824357,
      0.5534623458104975,
      0.5112780103140779,
      0.48623451247544547
    ],
    "train_acc": [
      36.096,
      54.01,
      62.062,
      67.222,
      70.894,
      74.016,
      76.366,
      78.422,
      80.086,
      81.69,
      83.06,
      84.542,
      85.394
    ],
    "test_loss": [
      1.3616511103825066,
      1.1285554625736638,
      0.9702723197662793,
      0.9052929426915348,
      0.8437653751418994,
      0.8523211363976756,
      0.8229711825093522,
      0.82256296591256,
      0.8499573685300236,
      0.8680898543363943,
      0.9115942947019022,
      0.9667772784971962,
      0.9767998918748131
    ],
    "test_acc": [
      50.34,
      59.95,
      65.74,
      67.94,
      70.59,
      70.54,
      72.22,
      72.17,
      72.22,
      72.46,
      71.63,
      70.92,
      71.1
    ]
  }
}