{
  "config": {
    "run_name": "exp1_4",
    "out_dir": "./results",
    "seed": 1144751983,
    "device": null,
    "bs_train": 128,
    "bs_test": 32,
    "batches": 100,
    "epochs": 50,
    "early_stopping": 3,
    "checkpoints": null,
    "lr": 0.001,
    "reg": 0.001,
    "filters_per_layer": [
      32
    ],
    "pool_every": 3,
    "hidden_dims": [
      1024
    ],
    "model_type": "resnet",
    "kw": {
      "conv_params": {
        "kernel_size": 3,
        "padding": 1,
        "stride": 1
      },
      "activation_type": "relu",
      "activation_params": {},
      "pooling_type": "max",
      "pooling_params": {
        "kernel_size": 2
      }
    },
    "layers_per_block": 16
  },
  "results": {
    "num_epochs": 18,
    "train_loss": [
      1.7511284043416953,
      1.3263034152862665,
      1.1424067671341664,
      1.0221480940613905,
      0.9320988732835521,
      0.8561163733682364,
      0.7986768990221536,
      0.7519909228815143,
      0.711339045668502,
      0.6723906732428714,
      0.6468657198769358,
      0.6195300299188365,
      0.5919872158781037,
      0.5781901369771689,
      0.558775374956448,
      0.5437125091052726,
      0.5215094647444117,
      0.5125425395453372
    ],
    "train_acc": [
      36.078,
      53.018,
      60.55,
      65.058,
      68.696,
      71.486,
      73.856,
      75.704,
      77.194,
      78.592,
      79.562,
      80.592,
      81.572,
      82.118,
      82.944,
      83.312,
      84.158,
      84.662
    ],
    "test_loss": [
      1.4598560217089547,
      1.2748067986470062,
      1.156944026010105,
      1.007607489824295,
      0.9236145050952229,
      0.877785905005452,
      0.8267675723892431,
      0.8182135937503352,
      0.7972700331157769,
      0.7813261256050378,
      0.7595085721617689,
      0.7704316142458505,
      0.7616557780260476,
      0.7576285238844899,
      0.7490983035046452,
      0.7608583333393255,
      0.7998150844162646,
      0.7917175107299329
    ],
    "test_acc": [
      46.5,
      54.78,
      59.07,
      64.43,
      67.72,
      69.35,
      71.25,
      72.11,
      72.59,
      72.94,
      74.32,
      73.86,
      74.29,
      74.84,
      75.5,
      75.34,
      73.96,
      74.74
    ]
  }
}