{
  "config": {
    "run_name": "exp1_4",
    "out_dir": "./results",
    "seed": 2123739645,
    "device": null,
    "bs_train": 128,
    "bs_test": 32,
    "batches": 100,
    "epochs": 60,
    "early_stopping": 3,
    "checkpoints": null,
    "lr": 0.001,
    "reg": 0.001,
    "filters_per_layer": [
      32
    ],
    "pool_every": 5,
    "hidden_dims": [
      1024
    ],
    "model_type": "resnet",
    "kw": {
      "batchnorm": true,
      "dropout": 0.4,
      "pooling_type": "avg",
      "conv_params": {
        "kernel_size": 3,
        "padding": 1,
        "stride": 1
      },
      "activation_type": "relu",
      "activation_params": {},
      "pooling_params": {
        "kernel_size": 2,
        "stride": 2
      }
    },
    "layers_per_block": 8
  },
  "results": {
    "num_epochs": 14,
    "train_loss": [
      1.96995875018332,
      1.5552003743398526,
      1.4012415061521408,
      1.2969611950237732,
      1.21235803661444,
      1.1479322332555375,
      1.083656463476703,
      1.021690464385635,
      0.9682736758076017,
      0.908471043609902,
      0.8507959193280895,
      0.7965803528990587,
      0.7436968905236715,
      0.6939017930451561
    ],
    "train_acc": [
      29.79,
      45.62,
      51.48,
      55.216,
      58.67,
      61.046,
      63.858,
      66.314,
      68.404,
      70.62,
      72.72,
      75.026,
      77.336,
      78.84
    ],
    "test_loss": [
      1.6033947921027771,
      1.3899777904866983,
      1.3046391029327442,
      1.2539892792701721,
      1.2059136394875498,
      1.187524552352893,
      1.160486281679842,
      1.1429476564684615,
      1.1766336590718156,
      1.1710692011891082,
      1.1863352614469802,
      1.19464686960458,
      1.274499504139629,
      1.329824391074074
    ],
    "test_acc": [
      43.14,
      49.7,
      53.59,
      55.5,
      57.09,
      57.65,
      58.6,
      59.53,
      58.34,
      58.96,
      60.07,
      59.96,
      59.67,
      58.91
    ]
  }
}