{
  "config": {
    "run_name": "exp1_2",
    "out_dir": "./results",
    "seed": 1702125975,
    "device": null,
    "bs_train": 128,
    "bs_test": 32,
    "batches": 100,
    "epochs": 60,
    "early_stopping": 3,
    "checkpoints": null,
    "lr": 0.001,
    "reg": 0.001,
    "filters_per_layer": [
      64
    ],
    "pool_every": 1,
    "hidden_dims": [
      1024
    ],
    "model_type": "cnn",
    "kw": {
      "conv_params": {
        "kernel_size": 3,
        "padding": 1,
        "stride": 1
      },
      "activation_type": "relu",
      "activation_params": {},
      "pooling_type": "max",
      "pooling_params": {
        "kernel_size": 2
      }
    },
    "layers_per_block": 3
  },
  "results": {
    "num_epochs": 13,
    "train_loss": [
      1.6096066291374929,
      1.2393396467808873,
      1.0735645079246872,
      0.9605606498620699,
      0.874776721457996,
      0.8079757841346819,
      0.7512919482062844,
      0.6971133456510656,
      0.65987906233429,
      0.6093570275227432,
      0.5597478347971007,
      0.5217741816245076,
      0.5036614541050113
    ],
    "train_acc": [
      42.276,
      57.194,
      63.894,
      68.25,
      71.622,
      74.026,
      76.138,
      78.23,
      79.826,
      81.696,
      83.676,
      85.232,
      86.214
    ],
    "test_loss": [
      1.3732883926397694,
      1.1639267990764337,
      1.039797243028403,
      0.9690556645202941,
      0.9111552740247867,
      0.8703019170524975,
      0.8492332390322092,
      0.8577892906940021,
      0.8307278705671572,
      0.8091528518512227,
      0.8248609204452259,
      0.848772255376505,
      0.8772804408599013
    ],
    "test_acc": [
      51.0,
      59.46,
      63.62,
      66.42,
      68.5,
      70.04,
      70.89,
      70.81,
      71.6,
      72.28,
      71.85,
      71.73,
      71.77
    ]
  }
}