{
  "config": {
    "run_name": "exp1_2",
    "out_dir": "./results",
    "seed": 1238450191,
    "device": null,
    "bs_train": 128,
    "bs_test": 32,
    "batches": 100,
    "epochs": 60,
    "early_stopping": 3,
    "checkpoints": null,
    "lr": 0.001,
    "reg": 0.001,
    "filters_per_layer": [
      128
    ],
    "pool_every": 2,
    "hidden_dims": [
      1024
    ],
    "model_type": "cnn",
    "kw": {
      "conv_params": {
        "kernel_size": 3,
        "padding": 1,
        "stride": 1
      },
      "activation_type": "relu",
      "activation_params": {},
      "pooling_type": "max",
      "pooling_params": {
        "kernel_size": 2
      }
    },
    "layers_per_block": 5
  },
  "results": {
    "num_epochs": 9,
    "train_loss": [
      1.7312707056474808,
      1.2291396412703082,
      1.0292430907259207,
      0.9004272600573957,
      0.7963123426717871,
      0.7096078331055848,
      0.6494506605140998,
      0.5899235754061842,
      0.5293949590162244
    ],
    "train_acc": [
      37.686,
      57.902,
      65.77,
      70.74,
      74.874,
      78.506,
      81.018,
      83.606,
      85.886
    ],
    "test_loss": [
      1.3822516640916038,
      1.0829134771999078,
      1.0142283959510607,
      0.9642083774359462,
      0.8706764304599823,
      0.8242232477703033,
      0.8631411351906225,
      0.881284633002723,
      0.8640816198370327
    ],
    "test_acc": [
      50.54,
      61.23,
      64.51,
      66.41,
      69.72,
      71.81,
      70.38,
      70.7,
      71.24
    ]
  }
}