{
  "config": {
    "run_name": "exp1_2",
    "out_dir": "./results",
    "seed": 1292644496,
    "device": null,
    "bs_train": 128,
    "bs_test": 32,
    "batches": 100,
    "epochs": 60,
    "early_stopping": 3,
    "checkpoints": null,
    "lr": 0.001,
    "reg": 0.001,
    "filters_per_layer": [
      64
    ],
    "pool_every": 5,
    "hidden_dims": [
      1024
    ],
    "model_type": "cnn",
    "kw": {
      "conv_params": {
        "kernel_size": 3,
        "padding": 1,
        "stride": 1
      },
      "activation_type": "relu",
      "activation_params": {},
      "pooling_type": "max",
      "pooling_params": {
        "kernel_size": 2,
        "stride": 2
      }
    },
    "layers_per_block": 8
  },
  "results": {
    "num_epochs": 12,
    "train_loss": [
      1.840734989441874,
      1.4673025126347456,
      1.2758592489125478,
      1.1086509951850032,
      0.9519377908743251,
      0.8205710986386174,
      0.7245412125916737,
      0.6320534051226838,
      0.5457131993740111,
      0.4927511829549394,
      0.4180609383775145,
      0.33666834204703033
    ],
    "train_acc": [
      33.87,
      49.53,
      56.896,
      63.786,
      70.704,
      76.764,
      81.22,
      85.16,
      89.006,
      90.74,
      93.632,
      95.914
    ],
    "test_loss": [
      1.531930170501002,
      1.3374703699788346,
      1.1991066660363072,
      1.1195299608258014,
      1.1659593344115602,
      1.1974093119938152,
      1.3564094457382592,
      1.3000120648179954,
      1.3810606508399732,
      1.4924713997795178,
      1.7067784152853602,
      1.7190918370176809
    ],
    "test_acc": [
      44.5,
      50.91,
      56.35,
      60.73,
      60.82,
      61.2,
      60.36,
      61.36,
      61.6,
      60.41,
      60.18,
      60.44
    ]
  }
}