{
  "config": {
    "run_name": "exp1_2",
    "out_dir": "./results",
    "seed": 674687667,
    "device": null,
    "bs_train": 128,
    "bs_test": 32,
    "batches": 100,
    "epochs": 60,
    "early_stopping": 3,
    "checkpoints": null,
    "lr": 0.001,
    "reg": 0.001,
    "filters_per_layer": [
      128
    ],
    "pool_every": 3,
    "hidden_dims": [
      1024
    ],
    "model_type": "cnn",
    "kw": {
      "conv_params": {
        "kernel_size": 3,
        "padding": 1,
        "stride": 1
      },
      "activation_type": "relu",
      "activation_params": {},
      "pooling_type": "max",
      "pooling_params": {
        "kernel_size": 2,
        "stride": 2
      }
    },
    "layers_per_block": 4
  },
  "results": {
    "num_epochs": 9,
    "train_loss": [
      1.5705901939240867,
      1.132459295680151,
      0.946950858968603,
      0.8224428386029685,
      0.7186406278396811,
      0.6283498254730878,
      0.5530300778348732,
      0.4752512596299886,
      0.405460259836653
    ],
    "train_acc": [
      45.89,
      63.014,
      69.958,
      75.016,
      79.904,
      83.816,
      87.278,
      90.586,
      93.276
    ],
    "test_loss": [
      1.3028290026104108,
      1.0691842511058234,
      0.9363341031554407,
      0.8679696669022496,
      0.8577581426967829,
      0.8909440853725226,
      0.9260020424573185,
      1.0001975173196092,
      1.0930687896550273
    ],
    "test_acc": [
      53.94,
      61.44,
      66.88,
      69.34,
      70.51,
      70.97,
      69.96,
      70.29,
      68.77
    ]
  }
}