{
  "config": {
    "run_name": "exp1_2",
    "out_dir": "./results",
    "seed": 830379619,
    "device": null,
    "bs_train": 128,
    "bs_test": 32,
    "batches": 100,
    "epochs": 60,
    "early_stopping": 3,
    "checkpoints": null,
    "lr": 0.001,
    "reg": 0.001,
    "filters_per_layer": [
      32
    ],
    "pool_every": 3,
    "hidden_dims": [
      1024
    ],
    "model_type": "cnn",
    "kw": {
      "conv_params": {
        "kernel_size": 3,
        "padding": 1,
        "stride": 1
      },
      "activation_type": "relu",
      "activation_params": {},
      "pooling_type": "max",
      "pooling_params": {
        "kernel_size": 2,
        "stride": 2
      }
    },
    "layers_per_block": 4
  },
  "results": {
    "num_epochs": 10,
    "train_loss": [
      1.598870831377366,
      1.2335190079401217,
      1.0705687420447465,
      0.9546437719288994,
      0.8571446361139302,
      0.7623190292921822,
      0.673915667454605,
      0.5970225432492278,
      0.5262147884844514,
      0.4588048230199253
    ],
    "train_acc": [
      44.276,
      58.666,
      65.208,
      69.848,
      73.822,
      77.804,
      81.964,
      85.552,
      88.606,
      91.268
    ],
    "test_loss": [
      1.3124388246871412,
      1.1224049384982442,
      1.0360729882892328,
      1.0015341299600875,
      0.9559718277126836,
      0.951551075274952,
      0.971880388621705,
      1.0217266835915013,
      1.148116751410329,
      1.2332855266884875
    ],
    "test_acc": [
      52.69,
      60.01,
      63.17,
      64.61,
      66.75,
      67.44,
      67.8,
      67.77,
      66.39,
      65.36
    ]
  }
}