{
  "config": {
    "run_name": "exp1_4_NoDrop",
    "out_dir": "./results",
    "seed": 1401062456,
    "device": null,
    "bs_train": 128,
    "bs_test": 32,
    "batches": 100,
    "epochs": 60,
    "early_stopping": 3,
    "checkpoints": null,
    "lr": 0.001,
    "reg": 0.001,
    "filters_per_layer": [
      64,
      128,
      256
    ],
    "pool_every": 3,
    "hidden_dims": [
      1024
    ],
    "model_type": "resnet",
    "kw": {
      "batchnorm": true,
      "pooling_type": "avg",
      "conv_params": {
        "kernel_size": 3,
        "padding": 1,
        "stride": 1
      },
      "activation_type": "relu",
      "activation_params": {},
      "pooling_params": {
        "kernel_size": 2,
        "stride": 2
      }
    },
    "layers_per_block": 4
  },
  "results": {
    "num_epochs": 17,
    "train_loss": [
      1.5033071126474444,
      1.0491989160437718,
      0.8661833234760158,
      0.7551719390827677,
      0.662826509350706,
      0.5958088590665851,
      0.5408048735707617,
      0.49770236960457415,
      0.4614665378694949,
      0.42467772206077187,
      0.4013228898158159,
      0.3786745543598824,
      0.352500222794845,
      0.3312358139725902,
      0.31750913513133594,
      0.29988847093661425,
      0.28379343057532447
    ],
    "train_acc": [
      46.554,
      64.896,
      71.882,
      76.09,
      79.838,
      82.418,
      84.518,
      86.128,
      87.71,
      89.14,
      90.104,
      90.958,
      91.818,
      92.702,
      93.152,
      93.81,
      94.286
    ],
    "test_loss": [
      1.1925403603349631,
      1.0434801391900157,
      0.8870863333677712,
      0.7442943904156121,
      0.7404248432134287,
      0.6704981650312107,
      0.6625030223553935,
      0.6489764199184533,
      0.6452185683928359,
      0.6948010995269964,
      0.6006116332908789,
      0.5639429692976391,
      0.636336830286934,
      0.5869492910350093,
      0.6425832889902706,
      0.5896927261600098,
      0.6305511229382917
    ],
    "test_acc": [
      56.04,
      63.17,
      68.59,
      73.67,
      74.15,
      77.23,
      77.53,
      78.24,
      78.5,
      78.06,
      80.02,
      81.53,
      79.77,
      81.68,
      80.0,
      81.33,
      81.23
    ]
  }
}