{
  "config": {
    "run_name": "exp1_4",
    "out_dir": "./results",
    "seed": 441402522,
    "device": null,
    "bs_train": 128,
    "bs_test": 32,
    "batches": 100,
    "epochs": 60,
    "early_stopping": 3,
    "checkpoints": null,
    "lr": 0.0007,
    "reg": 0.001,
    "filters_per_layer": [
      32
    ],
    "pool_every": 8,
    "hidden_dims": [
      1024
    ],
    "model_type": "resnet",
    "kw": {
      "conv_params": {
        "kernel_size": 3,
        "padding": 1,
        "stride": 1
      },
      "activation_type": "relu",
      "activation_params": {},
      "pooling_type": "max",
      "pooling_params": {
        "kernel_size": 2
      }
    },
    "layers_per_block": 16
  },
  "results": {
    "num_epochs": 14,
    "train_loss": [
      1.6924809714412445,
      1.4023954557335896,
      1.241506855353675,
      1.0845181086789006,
      0.9554840942173053,
      0.8605209692664768,
      0.7809145982613039,
      0.706087812590782,
      0.6471785570654418,
      0.5898437304874821,
      0.5329605246443883,
      0.4960606012807783,
      0.43704249258236505,
      0.3841390592972641
    ],
    "train_acc": [
      40.082,
      50.688,
      56.762,
      62.944,
      68.018,
      71.766,
      75.132,
      78.354,
      80.79,
      83.242,
      85.626,
      87.328,
      89.442,
      91.7
    ],
    "test_loss": [
      1.4847875555483296,
      1.312697582541944,
      1.1594350077092839,
      1.0131860061194569,
      0.9444855375411793,
      0.9138377920126382,
      0.8921301629596625,
      0.9060260337381698,
      0.9294467636952385,
      0.9326159793157547,
      0.9394386091742652,
      1.0362547980710721,
      1.1341329868228291,
      1.1629380837987406
    ],
    "test_acc": [
      46.17,
      52.43,
      58.2,
      63.55,
      66.28,
      67.42,
      68.42,
      68.63,
      68.88,
      69.15,
      69.66,
      68.37,
      67.96,
      67.83
    ]
  }
}