{
  "config": {
    "run_name": "exp1_3",
    "out_dir": "./results",
    "seed": 772519990,
    "device": null,
    "bs_train": 128,
    "bs_test": 32,
    "batches": 100,
    "epochs": 60,
    "early_stopping": 3,
    "checkpoints": null,
    "lr": 0.0007,
    "reg": 0.001,
    "filters_per_layer": [
      64,
      128
    ],
    "pool_every": 1,
    "hidden_dims": [
      1024
    ],
    "model_type": "cnn",
    "kw": {
      "conv_params": {
        "kernel_size": 3,
        "padding": 1,
        "stride": 1
      },
      "activation_type": "relu",
      "activation_params": {},
      "pooling_type": "max",
      "pooling_params": {
        "kernel_size": 2
      }
    },
    "layers_per_block": 2
  },
  "results": {
    "num_epochs": 16,
    "train_loss": [
      1.7485941160670326,
      1.3481432765036288,
      1.1613040596932707,
      1.022235561972079,
      0.9090166765710582,
      0.8235072280134996,
      0.7557933147606033,
      0.7000927035613438,
      0.6512978096752216,
      0.6056709264397926,
      0.5594058212111978,
      0.5290146764282071,
      0.49007899003565464,
      0.4610730200015066,
      0.4379648057853474,
      0.41338477556205466
    ],
    "train_acc": [
      35.784,
      51.686,
      59.358,
      64.85,
      69.442,
      72.85,
      75.59,
      77.606,
      79.454,
      81.012,
      82.784,
      84.082,
      85.62,
      86.6,
      87.582,
      88.632
    ],
    "test_loss": [
      1.5250130175782468,
      1.2334174203415649,
      1.1089847916231368,
      0.9867738763364359,
      0.9114165173742337,
      0.8559059109360265,
      0.8148653339654112,
      0.797546847083698,
      0.7737564154135914,
      0.782685836568808,
      0.7836304045142457,
      0.775304598596911,
      0.7733686766304528,
      0.8197486637689816,
      0.8475874016840999,
      0.870776678331363
    ],
    "test_acc": [
      43.73,
      55.09,
      60.5,
      65.04,
      67.76,
      69.92,
      71.39,
      72.33,
      73.33,
      73.11,
      73.35,
      73.78,
      74.41,
      73.33,
      72.76,
      73.23
    ]
  }
}