{
  "config": {
    "run_name": "exp1_4",
    "out_dir": "./results",
    "seed": 597119581,
    "device": null,
    "bs_train": 128,
    "bs_test": 32,
    "batches": 100,
    "epochs": 60,
    "early_stopping": 3,
    "checkpoints": null,
    "lr": 0.0007,
    "reg": 0.001,
    "filters_per_layer": [
      32
    ],
    "pool_every": 16,
    "hidden_dims": [
      1024
    ],
    "model_type": "resnet",
    "kw": {
      "conv_params": {
        "kernel_size": 3,
        "padding": 1,
        "stride": 1
      },
      "activation_type": "relu",
      "activation_params": {},
      "pooling_type": "max",
      "pooling_params": {
        "kernel_size": 2
      }
    },
    "layers_per_block": 32
  },
  "results": {
    "num_epochs": 19,
    "train_loss": [
      1.7609028730855878,
      1.513614224960737,
      1.4455043607965454,
      1.4026965893747863,
      1.3677300565383013,
      1.336882510758422,
      1.3110474043185143,
      1.287746810242343,
      1.2664364875125154,
      1.248711180808904,
      1.2295945716635954,
      1.2132376284550523,
      1.196762994579647,
      1.1824488487389997,
      1.168037281469311,
      1.1543164660253793,
      1.1386670211087102,
      1.1287431575148308,
      1.1165775879264792
    ],
    "train_acc": [
      38.236,
      46.942,
      49.542,
      51.212,
      52.424,
      53.67,
      54.682,
      55.686,
      56.53,
      57.196,
      57.968,
      58.482,
      59.172,
      59.732,
      60.202,
      60.764,
      61.392,
      61.682,
      62.17
    ],
    "test_loss": [
      1.574882450956887,
      1.4779635721121351,
      1.4295469392983677,
      1.3876466408324317,
      1.3514396251200107,
      1.3169660452074898,
      1.3054664584394462,
      1.2882534850138825,
      1.2688784700232192,
      1.2558292780821316,
      1.240685417248418,
      1.2311912664590172,
      1.2229296846892506,
      1.2126380454617949,
      1.208078316987132,
      1.2002766501789275,
      1.1960862804525576,
      1.1894124620638715,
      1.1867280836684255
    ],
    "test_acc": [
      44.32,
      47.43,
      49.34,
      50.78,
      52.19,
      53.58,
      54.15,
      54.68,
      55.43,
      56.26,
      56.73,
      57.02,
      57.35,
      57.64,
      57.91,
      58.11,
      57.75,
      57.99,
      58.01
    ]
  }
}