{
  "config": {
    "run_name": "exp1_1",
    "out_dir": "./results",
    "seed": 595089497,
    "device": null,
    "bs_train": 128,
    "bs_test": 32,
    "batches": 100,
    "epochs": 60,
    "early_stopping": 3,
    "checkpoints": null,
    "lr": 0.001,
    "reg": 0.001,
    "filters_per_layer": [
      32
    ],
    "pool_every": 3,
    "hidden_dims": [
      1024
    ],
    "model_type": "cnn",
    "kw": {
      "conv_params": {
        "kernel_size": 3,
        "padding": 1,
        "stride": 1
      },
      "activation_type": "relu",
      "activation_params": {},
      "pooling_type": "max",
      "pooling_params": {
        "kernel_size": 2,
        "stride": 2
      }
    },
    "layers_per_block": 4
  },
  "results": {
    "num_epochs": 11,
    "train_loss": [
      1.6104950953627486,
      1.2486122547817962,
      1.0776020998845015,
      0.9535174772257695,
      0.8539194345779126,
      0.7616812550198392,
      0.6705299453509738,
      0.5958845595569562,
      0.5388801130644806,
      0.4851159048659722,
      0.41894534352185475
    ],
    "train_acc": [
      43.76,
      58.18,
      64.798,
      69.642,
      73.822,
      78.16,
      82.154,
      85.452,
      87.972,
      89.946,
      92.654
    ],
    "test_loss": [
      1.3613239195400153,
      1.1170892784008966,
      1.0185557508620973,
      0.9445563319582528,
      0.9202262155545025,
      0.9206039350444135,
      0.9439556981427982,
      0.9530209335275351,
      1.0570047691035955,
      1.0968146246081343,
      1.2568510993601034
    ],
    "test_acc": [
      50.68,
      60.18,
      63.91,
      66.71,
      67.9,
      68.46,
      68.41,
      68.8,
      66.96,
      67.02,
      65.5
    ]
  }
}