{
  "config": {
    "run_name": "exp1_2",
    "out_dir": "./results",
    "seed": 39628685,
    "device": null,
    "bs_train": 128,
    "bs_test": 32,
    "batches": 100,
    "epochs": 60,
    "early_stopping": 3,
    "checkpoints": null,
    "lr": 0.001,
    "reg": 0.001,
    "filters_per_layer": [
      128
    ],
    "pool_every": 5,
    "hidden_dims": [
      1024
    ],
    "model_type": "cnn",
    "kw": {
      "conv_params": {
        "kernel_size": 3,
        "padding": 1,
        "stride": 1
      },
      "activation_type": "relu",
      "activation_params": {},
      "pooling_type": "max",
      "pooling_params": {
        "kernel_size": 2,
        "stride": 2
      }
    },
    "layers_per_block": 8
  },
  "results": {
    "num_epochs": 4,
    "train_loss": [
      2.3030252353004785,
      2.302754668018702,
      2.3027358890494423,
      2.3027353292840824
    ],
    "train_acc": [
      9.98,
      9.906,
      9.934,
      9.932
    ],
    "test_loss": [
      2.30262990043567,
      2.3026094604224063,
      2.3026034900555596,
      2.3026059587923484
    ],
    "test_acc": [
      10.0,
      10.0,
      10.0,
      10.0
    ]
  }
}