{
  "config": {
    "run_name": "exp1_4",
    "out_dir": "./results",
    "seed": 1200896073,
    "device": null,
    "bs_train": 128,
    "bs_test": 32,
    "batches": 100,
    "epochs": 60,
    "early_stopping": 3,
    "checkpoints": null,
    "lr": 0.001,
    "reg": 0.001,
    "filters_per_layer": [
      64,
      128,
      256
    ],
    "pool_every": 2,
    "hidden_dims": [
      1024
    ],
    "model_type": "resnet",
    "kw": {
      "batchnorm": true,
      "dropout": 0.4,
      "pooling_type": "avg",
      "conv_params": {
        "kernel_size": 3,
        "padding": 1,
        "stride": 1
      },
      "activation_type": "relu",
      "activation_params": {},
      "pooling_params": {
        "kernel_size": 2,
        "stride": 2
      }
    },
    "layers_per_block": 2
  },
  "results": {
    "num_epochs": 30,
    "train_loss": [
      1.7559569747856512,
      1.4491498366646145,
      1.2978924412251738,
      1.197015853641588,
      1.1339716187218571,
      1.0844209136255563,
      1.044402171431295,
      1.0066788544130447,
      0.9683919277642389,
      0.9302975430208094,
      0.899558560470181,
      0.8719758831936381,
      0.8478188795201919,
      0.8248570564457828,
      0.8005298647429328,
      0.7852580365927323,
      0.7692050581697918,
      0.74941293540818,
      0.7372822459701383,
      0.7226375726330311,
      0.7107159644746415,
      0.7047441844897502,
      0.6919987521055714,
      0.6812613147603886,
      0.6763102830675862,
      0.6661613461611521,
      0.6581934035739021,
      0.6466784425403761,
      0.6451060783375254,
      0.631327405228944
    ],
    "train_acc": [
      36.582,
      48.666,
      54.444,
      58.342,
      60.528,
      62.39,
      63.958,
      65.172,
      66.612,
      68.08,
      69.184,
      70.056,
      71.164,
      72.014,
      72.524,
      73.406,
      74.33,
      74.62,
      75.324,
      75.734,
      76.038,
      76.32,
      76.764,
      77.42,
      77.35,
      77.648,
      78.008,
      78.266,
      78.43,
      78.884
    ],
    "test_loss": [
      1.4958526570195207,
      1.3119019951683264,
      1.2180558483059796,
      1.130883530305978,
      1.1070003204833205,
      1.1017914006885248,
      1.0506107056864535,
      1.0053526444937855,
      0.9328219283122224,
      0.8992268863006141,
      0.9338664381077495,
      0.8795256798450177,
      0.8559599016040278,
      0.8518621693975248,
      0.8614814532831454,
      0.8407682548887052,
      0.7854259499726585,
      0.7766591346682832,
      0.8047564730476647,
      0.8011471244473808,
      0.7752889722300033,
      0.8290911755813196,
      0.7877722528224556,
      0.7708012457853689,
      0.7981824304539555,
      0.7831545702565592,
      0.7408721572674882,
      0.7593880240528729,
      0.748650354889635,
      0.783044015732817
    ],
    "test_acc": [
      44.76,
      51.7,
      55.99,
      59.29,
      60.34,
      60.4,
      62.04,
      63.9,
      66.51,
      68.13,
      67.05,
      68.52,
      69.32,
      69.66,
      69.63,
      70.4,
      72.28,
      72.69,
      71.77,
      71.95,
      72.76,
      70.98,
      72.26,
      73.15,
      72.09,
      72.56,
      74.26,
      73.72,
      73.79,
      72.47
    ]
  }
}