{
  "config": {
    "run_name": "exp1_1",
    "out_dir": "./results",
    "seed": 1958344586,
    "device": null,
    "bs_train": 128,
    "bs_test": 32,
    "batches": 100,
    "epochs": 60,
    "early_stopping": 3,
    "checkpoints": null,
    "lr": 0.001,
    "reg": 0.001,
    "filters_per_layer": [
      32
    ],
    "pool_every": 2,
    "hidden_dims": [
      1024
    ],
    "model_type": "cnn",
    "kw": {
      "conv_params": {
        "kernel_size": 3,
        "padding": 1,
        "stride": 1
      },
      "activation_type": "relu",
      "activation_params": {},
      "pooling_type": "max",
      "pooling_params": {
        "kernel_size": 2,
        "stride": 2
      }
    },
    "layers_per_block": 2
  },
  "results": {
    "num_epochs": 11,
    "train_loss": [
      1.4895234550051677,
      1.1676483849430328,
      1.0361121368530157,
      0.9545493159452667,
      0.8847611634932515,
      0.8176824717265566,
      0.7492590462765121,
      0.6854897086577647,
      0.6157159222208936,
      0.5601521709843365,
      0.527868919131701
    ],
    "train_acc": [
      48.774,
      61.312,
      66.342,
      69.434,
      72.392,
      75.296,
      78.136,
      80.698,
      83.904,
      86.176,
      87.408
    ],
    "test_loss": [
      1.2405200402576702,
      1.0779238468922747,
      1.0149815261554413,
      0.9764945326140895,
      0.9339407524361778,
      0.9027700061424853,
      0.894562576049433,
      0.9096925241497759,
      0.9523370945796418,
      1.0022050346048494,
      1.0316412581232028
    ],
    "test_acc": [
      55.91,
      62.66,
      64.73,
      65.87,
      67.01,
      68.01,
      68.7,
      68.87,
      67.79,
      67.19,
      66.91
    ]
  }
}