{
  "config": {
    "run_name": "exp1_4",
    "out_dir": "./results",
    "seed": 61488380,
    "device": null,
    "bs_train": 128,
    "bs_test": 32,
    "batches": 100,
    "epochs": 60,
    "early_stopping": 3,
    "checkpoints": null,
    "lr": 0.0007,
    "reg": 0.001,
    "filters_per_layer": [
      64,
      128,
      256
    ],
    "pool_every": 2,
    "hidden_dims": [
      1024
    ],
    "model_type": "resnet",
    "kw": {
      "conv_params": {
        "kernel_size": 3,
        "padding": 1,
        "stride": 1
      },
      "activation_type": "relu",
      "activation_params": {},
      "pooling_type": "max",
      "pooling_params": {
        "kernel_size": 2
      }
    },
    "layers_per_block": 2
  },
  "results": {
    "num_epochs": 11,
    "train_loss": [
      1.5371747779114473,
      1.0860759887244085,
      0.8774803250342074,
      0.7411826025037205,
      0.633810319406602,
      0.5545306911553873,
      0.48502235621442574,
      0.42780481244596985,
      0.37632122712062144,
      0.3462718243870284,
      0.3032841511318446
    ],
    "train_acc": [
      45.63,
      63.432,
      71.692,
      76.888,
      80.97,
      83.834,
      86.828,
      89.298,
      91.634,
      92.656,
      94.258
    ],
    "test_loss": [
      1.2047100514649582,
      0.9599173609821942,
      0.8244858969705173,
      0.7387837817112859,
      0.7020357277827521,
      0.6646333078321177,
      0.6665777732103396,
      0.664356390413004,
      0.6911002338503878,
      0.7437714412094305,
      0.7845625637914426
    ],
    "test_acc": [
      56.59,
      66.62,
      70.57,
      74.14,
      75.92,
      77.8,
      78.02,
      78.55,
      78.22,
      77.13,
      75.54
    ]
  }
}