{
  "config": {
    "run_name": "exp1_4_NoDrop",
    "out_dir": "./results",
    "seed": 2018774066,
    "device": null,
    "bs_train": 128,
    "bs_test": 32,
    "batches": 100,
    "epochs": 60,
    "early_stopping": 3,
    "checkpoints": null,
    "lr": 0.001,
    "reg": 0.001,
    "filters_per_layer": [
      32
    ],
    "pool_every": 9,
    "hidden_dims": [
      1024
    ],
    "model_type": "resnet",
    "kw": {
      "batchnorm": true,
      "pooling_type": "avg",
      "conv_params": {
        "kernel_size": 3,
        "padding": 1,
        "stride": 1
      },
      "activation_type": "relu",
      "activation_params": {},
      "pooling_params": {
        "kernel_size": 2,
        "stride": 2
      }
    },
    "layers_per_block": 16
  },
  "results": {
    "num_epochs": 8,
    "train_loss": [
      1.4615023819077047,
      1.0414554641374847,
      0.867669325198054,
      0.7631077969165714,
      0.6742010814759433,
      0.5984501384408273,
      0.5319264735407232,
      0.47774054251058634
    ],
    "train_acc": [
      50.09,
      66.044,
      72.558,
      76.834,
      80.634,
      83.896,
      86.474,
      89.02
    ],
    "test_loss": [
      1.19591404835637,
      0.9589234202052839,
      0.8655357210400005,
      0.8285485797415907,
      0.8155621872923244,
      0.8979016249172223,
      0.9371404360277584,
      1.0909999425228412
    ],
    "test_acc": [
      57.18,
      65.46,
      69.32,
      71.14,
      71.54,
      70.18,
      69.76,
      68.0
    ]
  }
}