{
  "config": {
    "run_name": "exp1_2",
    "out_dir": "./results",
    "seed": 1362738501,
    "device": null,
    "bs_train": 128,
    "bs_test": 32,
    "batches": 100,
    "epochs": 60,
    "early_stopping": 3,
    "checkpoints": null,
    "lr": 0.001,
    "reg": 0.001,
    "filters_per_layer": [
      32
    ],
    "pool_every": 3,
    "hidden_dims": [
      1024
    ],
    "model_type": "cnn",
    "kw": {
      "conv_params": {
        "kernel_size": 3,
        "padding": 1,
        "stride": 1
      },
      "activation_type": "relu",
      "activation_params": {},
      "pooling_type": "max",
      "pooling_params": {
        "kernel_size": 2
      }
    },
    "layers_per_block": 4
  },
  "results": {
    "num_epochs": 10,
    "train_loss": [
      1.631974941324395,
      1.2825069448832052,
      1.1341828987421587,
      1.0091687590264908,
      0.8916746385567024,
      0.7887951958819729,
      0.6922446804888108,
      0.6030717579757466,
      0.5317139212432724,
      0.4754698861895315
    ],
    "train_acc": [
      42.872,
      56.478,
      62.6,
      67.646,
      72.514,
      76.93,
      81.208,
      85.27,
      88.41,
      90.54
    ],
    "test_loss": [
      1.3840157187784823,
      1.185851574134522,
      1.0910379928521836,
      1.0198436497499386,
      0.9836492468945135,
      0.9687484767490302,
      0.9889896811959081,
      1.092654120331755,
      1.1404223593469627,
      1.2581325350478054
    ],
    "test_acc": [
      50.31,
      58.15,
      61.5,
      64.45,
      66.02,
      66.87,
      67.21,
      65.26,
      64.99,
      64.49
    ]
  }
}