{
  "config": {
    "run_name": "exp1_2",
    "out_dir": "./results",
    "seed": 228897630,
    "device": null,
    "bs_train": 128,
    "bs_test": 32,
    "batches": 100,
    "epochs": 60,
    "early_stopping": 3,
    "checkpoints": null,
    "lr": 0.001,
    "reg": 0.001,
    "filters_per_layer": [
      128
    ],
    "pool_every": 3,
    "hidden_dims": [
      1024
    ],
    "model_type": "cnn",
    "kw": {
      "conv_params": {
        "kernel_size": 3,
        "padding": 1,
        "stride": 1
      },
      "activation_type": "relu",
      "activation_params": {},
      "pooling_type": "max",
      "pooling_params": {
        "kernel_size": 2
      }
    },
    "layers_per_block": 4
  },
  "results": {
    "num_epochs": 9,
    "train_loss": [
      1.6120955968451927,
      1.2098783408589375,
      1.0387279472082778,
      0.908174276961695,
      0.8041193788618688,
      0.7083273798303531,
      0.6253238432395184,
      0.5549000382728284,
      0.48197418756192295
    ],
    "train_acc": [
      43.912,
      59.666,
      66.466,
      71.394,
      75.922,
      80.376,
      83.838,
      86.836,
      89.762
    ],
    "test_loss": [
      1.3720739967525957,
      1.1307948563045587,
      0.9984468391147284,
      0.9470788314700508,
      0.9128521162861833,
      0.9193770059952721,
      0.964668945001718,
      1.023842659716408,
      1.0727299549899543
    ],
    "test_acc": [
      51.1,
      59.55,
      64.53,
      66.46,
      68.7,
      69.0,
      68.76,
      67.34,
      67.73
    ]
  }
}