{
  "config": {
    "run_name": "exp1_3",
    "out_dir": "./results",
    "seed": 2036864025,
    "device": null,
    "bs_train": 128,
    "bs_test": 32,
    "batches": 100,
    "epochs": 50,
    "early_stopping": 3,
    "checkpoints": null,
    "lr": 0.001,
    "reg": 0.001,
    "filters_per_layer": [
      64,
      128
    ],
    "pool_every": 1,
    "hidden_dims": [
      1024
    ],
    "model_type": "cnn",
    "kw": {
      "conv_params": {
        "kernel_size": 3,
        "padding": 1,
        "stride": 1
      },
      "activation_type": "relu",
      "activation_params": {},
      "pooling_type": "max",
      "pooling_params": {
        "kernel_size": 2
      }
    },
    "layers_per_block": 2
  },
  "results": {
    "num_epochs": 14,
    "train_loss": [
      1.7224343823045112,
      1.3384202471779436,
      1.1374024745753355,
      0.9962096694485306,
      0.8829358919807102,
      0.7883936372559394,
      0.7230132424160648,
      0.669763975893445,
      0.6143892805289735,
      0.577509160313155,
      0.5593242118578128,
      0.5107233673715226,
      0.49670135494693163,
      0.4682455993521854
    ],
    "train_acc": [
      36.978,
      52.308,
      60.67,
      66.492,
      70.876,
      74.424,
      77.018,
      79.136,
      81.17,
      82.64,
      83.506,
      85.494,
      86.066,
      87.26
    ],
    "test_loss": [
      1.4415890481144475,
      1.2621263446518407,
      1.1083847272891205,
      0.9960568707210188,
      0.9131449408614978,
      0.8517502708176073,
      0.8054851056478275,
      0.7879462034557574,
      0.7967381563049536,
      0.8244645229924601,
      0.7982365763225494,
      0.834019166878618,
      0.834685784273635,
      0.8340432106401212
    ],
    "test_acc": [
      47.25,
      55.42,
      61.51,
      64.93,
      68.16,
      70.43,
      72.36,
      73.29,
      73.32,
      72.44,
      73.9,
      73.37,
      73.55,
      73.65
    ]
  }
}