{
  "config": {
    "run_name": "exp1_2",
    "out_dir": "./results",
    "seed": 1871806452,
    "device": null,
    "bs_train": 128,
    "bs_test": 32,
    "batches": 100,
    "epochs": 50,
    "early_stopping": 3,
    "checkpoints": null,
    "lr": 0.001,
    "reg": 0.001,
    "filters_per_layer": [
      128
    ],
    "pool_every": 2,
    "hidden_dims": [
      1024
    ],
    "model_type": "cnn",
    "kw": {
      "conv_params": {
        "kernel_size": 3,
        "padding": 1,
        "stride": 1
      },
      "activation_type": "relu",
      "activation_params": {},
      "pooling_type": "max",
      "pooling_params": {
        "kernel_size": 2
      }
    },
    "layers_per_block": 4
  },
  "results": {
    "num_epochs": 8,
    "train_loss": [
      1.5807635082918055,
      1.1222022326706012,
      0.9277100031028318,
      0.7925132226456156,
      0.6870818722735891,
      0.5953941877998049,
      0.5268317194241087,
      0.4663425025046634
    ],
    "train_acc": [
      44.236,
      62.518,
      70.106,
      75.26,
      79.618,
      83.622,
      86.638,
      89.12
    ],
    "test_loss": [
      1.2207764828928744,
      0.9976915092513965,
      0.8873982696106639,
      0.8387760758971254,
      0.7959061343068132,
      0.8179585741350826,
      0.8514900148486177,
      0.9055442927173152
    ],
    "test_acc": [
      57.04,
      64.68,
      68.6,
      70.49,
      72.65,
      72.23,
      72.06,
      72.54
    ]
  }
}