{
  "config": {
    "run_name": "exp1_4",
    "out_dir": "./results",
    "seed": 742568876,
    "device": null,
    "bs_train": 128,
    "bs_test": 32,
    "batches": 100,
    "epochs": 60,
    "early_stopping": 3,
    "checkpoints": null,
    "lr": 0.0007,
    "reg": 0.001,
    "filters_per_layer": [
      64,
      128,
      256
    ],
    "pool_every": 3,
    "hidden_dims": [
      1024
    ],
    "model_type": "resnet",
    "kw": {
      "conv_params": {
        "kernel_size": 3,
        "padding": 1,
        "stride": 1
      },
      "activation_type": "relu",
      "activation_params": {},
      "pooling_type": "max",
      "pooling_params": {
        "kernel_size": 2
      }
    },
    "layers_per_block": 4
  },
  "results": {
    "num_epochs": 19,
    "train_loss": [
      1.8147187986032431,
      1.375613975402949,
      1.0977176263204316,
      0.9095039677132121,
      0.787788717414412,
      0.6979493243462594,
      0.6335858766685056,
      0.5706796394589612,
      0.5239168678403205,
      0.46121353513139596,
      0.42311329644201967,
      0.3899721350053997,
      0.3699223319892688,
      0.3348805942498814,
      0.34032047374169233,
      0.29572260044419857,
      0.25263091900845625,
      0.24541536444212164,
      0.21964733054875718
    ],
    "train_acc": [
      33.196,
      51.084,
      62.876,
      70.238,
      74.688,
      78.23,
      80.632,
      83.314,
      85.174,
      87.53,
      89.078,
      90.518,
      91.21,
      92.726,
      92.416,
      93.994,
      95.74,
      95.964,
      96.692
    ],
    "test_loss": [
      1.6279532494255529,
      1.1706525392044846,
      1.0443729615440003,
      0.9796384214021908,
      0.833680339705068,
      0.7579928501345479,
      0.7435003896109974,
      0.7094062963328042,
      0.7294045226356853,
      0.7558632039319212,
      0.7462940977785153,
      0.7966439086503495,
      0.7425494986696365,
      0.8536948526914889,
      0.8888841373756671,
      0.8399855143631609,
      0.8356543731765625,
      0.8930956598240346,
      0.9138041293373504
    ],
    "test_acc": [
      40.47,
      57.86,
      63.67,
      67.08,
      72.11,
      73.57,
      74.35,
      75.39,
      74.73,
      75.43,
      75.89,
      75.49,
      76.71,
      74.84,
      73.79,
      76.74,
      75.93,
      74.65,
      75.16
    ]
  }
}