{
  "config": {
    "run_name": "exp1_1",
    "out_dir": "./results",
    "seed": 812514108,
    "device": null,
    "bs_train": 128,
    "bs_test": 32,
    "batches": 100,
    "epochs": 50,
    "early_stopping": 3,
    "checkpoints": null,
    "lr": 0.001,
    "reg": 0.001,
    "filters_per_layer": [
      64
    ],
    "pool_every": 3,
    "hidden_dims": [
      1024
    ],
    "model_type": "cnn",
    "kw": {
      "conv_params": {
        "kernel_size": 3,
        "padding": 1,
        "stride": 1
      },
      "activation_type": "relu",
      "activation_params": {},
      "pooling_type": "max",
      "pooling_params": {
        "kernel_size": 2
      }
    },
    "layers_per_block": 8
  },
  "results": {
    "num_epochs": 12,
    "train_loss": [
      1.9374796365533034,
      1.5636140452626417,
      1.3936862046151515,
      1.259604124919228,
      1.1285887941375108,
      1.0092867684486273,
      0.9145775079117406,
      0.8314109060465528,
      0.7555406228508181,
      0.6756152849825446,
      0.6183446866776937,
      0.5755071950233196
    ],
    "train_acc": [
      29.61,
      44.882,
      51.508,
      56.584,
      62.166,
      67.452,
      71.234,
      74.894,
      78.054,
      81.818,
      84.266,
      86.228
    ],
    "test_loss": [
      1.659625328006074,
      1.4656784005058459,
      1.341055875197767,
      1.225350419362894,
      1.229560471000001,
      1.1695446284434285,
      1.0808359952018665,
      1.0375255376767045,
      1.0358522624824755,
      1.098368579968096,
      1.192640878521977,
      1.264512451692892
    ],
    "test_acc": [
      41.06,
      47.42,
      52.06,
      56.46,
      57.75,
      60.44,
      63.72,
      64.45,
      64.96,
      63.62,
      62.43,
      62.29
    ]
  }
}