{
  "config": {
    "run_name": "exp1_2",
    "out_dir": "./results",
    "seed": 335951990,
    "device": null,
    "bs_train": 128,
    "bs_test": 32,
    "batches": 100,
    "epochs": 50,
    "early_stopping": 3,
    "checkpoints": null,
    "lr": 0.001,
    "reg": 0.001,
    "filters_per_layer": [
      32
    ],
    "pool_every": 2,
    "hidden_dims": [
      1024
    ],
    "model_type": "cnn",
    "kw": {
      "conv_params": {
        "kernel_size": 3,
        "padding": 1,
        "stride": 1
      },
      "activation_type": "relu",
      "activation_params": {},
      "pooling_type": "max",
      "pooling_params": {
        "kernel_size": 2
      }
    },
    "layers_per_block": 4
  },
  "results": {
    "num_epochs": 10,
    "train_loss": [
      1.643287312039329,
      1.2802644259179645,
      1.1269129118346193,
      0.9979228077032377,
      0.8888755814193765,
      0.8008572236656228,
      0.7215645411587737,
      0.6538317844538433,
      0.5997545228284948,
      0.5479364648956777
    ],
    "train_acc": [
      41.638,
      56.1,
      62.318,
      67.502,
      71.924,
      75.384,
      78.608,
      81.628,
      83.82,
      86.094
    ],
    "test_loss": [
      1.34275067309602,
      1.1752640940129948,
      1.0773910415439178,
      1.0047398744680631,
      0.9625808543290574,
      0.9466391205787659,
      0.964408128215863,
      1.000399121365989,
      1.1276954769516905,
      1.111966742779881
    ],
    "test_acc": [
      51.15,
      57.86,
      61.97,
      64.73,
      66.01,
      67.13,
      67.39,
      66.71,
      65.03,
      66.56
    ]
  }
}