{
  "config": {
    "run_name": "exp1_4",
    "out_dir": "./results",
    "seed": 575052166,
    "device": null,
    "bs_train": 128,
    "bs_test": 32,
    "batches": 100,
    "epochs": 50,
    "early_stopping": 3,
    "checkpoints": null,
    "lr": 0.001,
    "reg": 0.001,
    "filters_per_layer": [
      32
    ],
    "pool_every": 3,
    "hidden_dims": [
      1024
    ],
    "model_type": "resnet",
    "kw": {
      "conv_params": {
        "kernel_size": 3,
        "padding": 1,
        "stride": 1
      },
      "activation_type": "relu",
      "activation_params": {},
      "pooling_type": "max",
      "pooling_params": {
        "kernel_size": 2
      }
    },
    "layers_per_block": 8
  },
  "results": {
    "num_epochs": 11,
    "train_loss": [
      1.5749283995469818,
      1.1417782245694523,
      0.9550145580945417,
      0.8304805725126925,
      0.73234423895931,
      0.6490519416454198,
      0.5810242113097549,
      0.523774471048199,
      0.46827679277990786,
      0.4182169615765057,
      0.3651240177242957
    ],
    "train_acc": [
      44.894,
      61.212,
      68.224,
      73.102,
      77.006,
      80.248,
      83.38,
      85.956,
      88.368,
      90.554,
      92.662
    ],
    "test_loss": [
      1.2459266008660435,
      1.0261973310202455,
      0.9004834869418281,
      0.8282685323645131,
      0.788900460298069,
      0.7818991083877916,
      0.7600699379421271,
      0.7682840621795136,
      0.804026202747997,
      0.8674197201721203,
      1.0113462353476321
    ],
    "test_acc": [
      55.78,
      63.45,
      67.94,
      70.85,
      72.31,
      72.89,
      73.96,
      74.24,
      73.54,
      72.38,
      69.11
    ]
  }
}