{
  "config": {
    "run_name": "exp1_2",
    "out_dir": "./results",
    "seed": 432770707,
    "device": null,
    "bs_train": 128,
    "bs_test": 32,
    "batches": 100,
    "epochs": 50,
    "early_stopping": 3,
    "checkpoints": null,
    "lr": 0.001,
    "reg": 0.001,
    "filters_per_layer": [
      64
    ],
    "pool_every": 2,
    "hidden_dims": [
      1024
    ],
    "model_type": "cnn",
    "kw": {
      "conv_params": {
        "kernel_size": 3,
        "padding": 1,
        "stride": 1
      },
      "activation_type": "relu",
      "activation_params": {},
      "pooling_type": "max",
      "pooling_params": {
        "kernel_size": 2
      }
    },
    "layers_per_block": 4
  },
  "results": {
    "num_epochs": 10,
    "train_loss": [
      1.5977956797460766,
      1.1733604992747002,
      0.9944464332612274,
      0.8692780483104384,
      0.7659752115874034,
      0.6671275976673722,
      0.5968422661047152,
      0.5405250219128016,
      0.48399037130348516,
      0.4165438665529651
    ],
    "train_acc": [
      43.604,
      60.15,
      67.162,
      72.028,
      76.408,
      80.744,
      83.776,
      86.144,
      88.738,
      91.324
    ],
    "test_loss": [
      1.2761132858050899,
      1.0631154250032224,
      0.956314305051828,
      0.8969784351393056,
      0.8564988880302198,
      0.8225049623094809,
      0.8400163586718586,
      0.9454270772659741,
      1.061061408192205,
      1.0145937690910058
    ],
    "test_acc": [
      54.61,
      62.51,
      66.26,
      68.96,
      70.61,
      71.71,
      72.12,
      69.86,
      68.51,
      70.24
    ]
  }
}