{
  "config": {
    "run_name": "exp1_2",
    "out_dir": "./results",
    "seed": 1163247692,
    "device": null,
    "bs_train": 128,
    "bs_test": 32,
    "batches": 100,
    "epochs": 50,
    "early_stopping": 3,
    "checkpoints": null,
    "lr": 0.001,
    "reg": 0.001,
    "filters_per_layer": [
      32
    ],
    "pool_every": 3,
    "hidden_dims": [
      1024
    ],
    "model_type": "cnn",
    "kw": {
      "conv_params": {
        "kernel_size": 3,
        "padding": 1,
        "stride": 1
      },
      "activation_type": "relu",
      "activation_params": {},
      "pooling_type": "max",
      "pooling_params": {
        "kernel_size": 2
      }
    },
    "layers_per_block": 8
  },
  "results": {
    "num_epochs": 4,
    "train_loss": [
      2.302938344228603,
      2.3027294291864577,
      2.3027082526165508,
      2.302718783888366
    ],
    "train_acc": [
      10.02,
      9.758,
      9.78,
      9.784
    ],
    "test_loss": [
      2.302626826130925,
      2.3026039371856104,
      2.302603774177381,
      2.3026037696070563
    ],
    "test_acc": [
      10.0,
      10.0,
      10.0,
      10.0
    ]
  }
}