{
  "config": {
    "run_name": "exp1_3",
    "out_dir": "./results",
    "seed": 782393376,
    "device": null,
    "bs_train": 128,
    "bs_test": 32,
    "batches": 100,
    "epochs": 100,
    "early_stopping": 3,
    "checkpoints": null,
    "lr": 0.001,
    "reg": 0.001,
    "filters_per_layer": [
      64,
      128
    ],
    "pool_every": 3,
    "hidden_dims": [
      1024
    ],
    "model_type": "cnn",
    "kw": {
      "conv_params": {
        "kernel_size": 3,
        "padding": 1,
        "stride": 1
      },
      "activation_type": "relu",
      "activation_params": {},
      "pooling_type": "max",
      "pooling_params": {
        "kernel_size": 2,
        "stride": 2
      }
    },
    "layers_per_block": 3
  },
  "results": {
    "num_epochs": 13,
    "train_loss": [
      1.7592418794436833,
      1.3295067039597066,
      1.12340280253564,
      0.9564047650912838,
      0.8227250412906832,
      0.7120439439935757,
      0.6273940124017808,
      0.5639788185239143,
      0.5069628939451769,
      0.44874695850455243,
      0.4107785218816889,
      0.34764604891657525,
      0.3027926974589258
    ],
    "train_acc": [
      36.768,
      53.9,
      62.322,
      68.88,
      74.434,
      79.23,
      82.622,
      85.242,
      87.714,
      90.176,
      91.652,
      93.988,
      95.272
    ],
    "test_loss": [
      1.4372323736215171,
      1.2133544254988526,
      1.0656280822266404,
      0.9682897276009995,
      0.9206470315829633,
      0.9559200993551614,
      0.982897407330644,
      0.9775900742687738,
      1.0319008228306572,
      1.035466029716376,
      1.1600661536756034,
      1.2118313281109538,
      1.2622388843149424
    ],
    "test_acc": [
      47.36,
      56.14,
      62.12,
      66.59,
      68.59,
      69.15,
      68.4,
      69.73,
      70.26,
      70.42,
      68.44,
      68.53,
      68.19
    ]
  }
}