{
  "config": {
    "run_name": "exp1_2",
    "out_dir": "./results",
    "seed": 2018163827,
    "device": null,
    "bs_train": 128,
    "bs_test": 32,
    "batches": 100,
    "epochs": 60,
    "early_stopping": 3,
    "checkpoints": null,
    "lr": 0.001,
    "reg": 0.001,
    "filters_per_layer": [
      32
    ],
    "pool_every": 2,
    "hidden_dims": [
      1024
    ],
    "model_type": "cnn",
    "kw": {
      "conv_params": {
        "kernel_size": 3,
        "padding": 1,
        "stride": 1
      },
      "activation_type": "relu",
      "activation_params": {},
      "pooling_type": "max",
      "pooling_params": {
        "kernel_size": 2
      }
    },
    "layers_per_block": 2
  },
  "results": {
    "num_epochs": 11,
    "train_loss": [
      1.548824067920675,
      1.2203111372640372,
      1.0809083349259614,
      0.9805659270652419,
      0.8938710928877907,
      0.8178476115016986,
      0.7550939999882827,
      0.6964539090538269,
      0.6347556051695743,
      0.5703357455065793,
      0.501827409962559
    ],
    "train_acc": [
      46.222,
      59.068,
      64.548,
      68.254,
      71.766,
      75.148,
      77.78,
      80.27,
      82.926,
      85.554,
      88.302
    ],
    "test_loss": [
      1.2866438920505512,
      1.128124626680685,
      1.0645491962615674,
      0.9993400484228286,
      0.969557564098614,
      0.949411307280056,
      0.9484031722187615,
      0.9444226283615771,
      0.9847116727417651,
      1.0225795177034676,
      1.028529784264275
    ],
    "test_acc": [
      53.85,
      60.35,
      62.95,
      65.38,
      66.32,
      66.9,
      67.32,
      67.89,
      67.26,
      66.52,
      67.59
    ]
  }
}