{
  "config": {
    "run_name": "exp1_4",
    "out_dir": "./results",
    "seed": 2132209327,
    "device": null,
    "bs_train": 128,
    "bs_test": 32,
    "batches": 100,
    "epochs": 100,
    "early_stopping": 3,
    "checkpoints": null,
    "lr": 0.001,
    "reg": 0.001,
    "filters_per_layer": [
      32
    ],
    "pool_every": 16,
    "hidden_dims": [
      1024
    ],
    "model_type": "resnet",
    "kw": {
      "batchnorm": true,
      "dropout": 0.3,
      "conv_params": {
        "kernel_size": 3,
        "padding": 1,
        "stride": 1
      },
      "activation_type": "relu",
      "activation_params": {},
      "pooling_type": "max",
      "pooling_params": {
        "kernel_size": 2
      }
    },
    "layers_per_block": 16
  },
  "results": {
    "num_epochs": 23,
    "train_loss": [
      1.9213989122444406,
      1.6103050309373899,
      1.5056312370788105,
      1.448732611468381,
      1.4038917893338996,
      1.367128956653273,
      1.3388992560184216,
      1.31180862697494,
      1.2905994665897107,
      1.2630141223483073,
      1.245365058979415,
      1.2252008562807537,
      1.2120259510891518,
      1.1914487891185008,
      1.1762095784287319,
      1.160124434229663,
      1.14637757308038,
      1.13765484216573,
      1.121438825069486,
      1.1131267446996,
      1.1005275446130796,
      1.0904701978654203,
      1.0787487241923046
    ],
    "train_acc": [
      32.274,
      43.526,
      47.726,
      50.004,
      51.59,
      53.026,
      54.386,
      55.208,
      56.024,
      56.962,
      57.828,
      58.702,
      58.96,
      59.792,
      60.584,
      61.29,
      61.67,
      62.086,
      62.668,
      63.012,
      63.392,
      63.944,
      64.398
    ],
    "test_loss": [
      1.6697557505708152,
      1.5074334753968845,
      1.4637611323652175,
      1.4329620999650072,
      1.417271394127855,
      1.3726194257172533,
      1.3681058104807577,
      1.330126453512393,
      1.3167239518973013,
      1.310623961706131,
      1.2980560970763428,
      1.298529343292736,
      1.27629553167203,
      1.2827581786119138,
      1.2664331273910718,
      1.2648992864087747,
      1.2583523973489341,
      1.2579217852114108,
      1.2576957781093951,
      1.2438869002147224,
      1.2401761475462503,
      1.258169412422485,
      1.2671779771201528
    ],
    "test_acc": [
      40.86,
      46.6,
      48.26,
      49.71,
      50.05,
      51.07,
      51.7,
      53.01,
      53.85,
      53.74,
      54.25,
      54.33,
      54.66,
      54.67,
      55.26,
      55.1,
      55.6,
      55.5,
      55.73,
      56.19,
      56.04,
      55.8,
      55.51
    ]
  }
}