{
  "config": {
    "run_name": "exp1_4",
    "out_dir": "./results",
    "seed": 1459375301,
    "device": null,
    "bs_train": 128,
    "bs_test": 32,
    "batches": 100,
    "epochs": 60,
    "early_stopping": 3,
    "checkpoints": null,
    "lr": 0.0007,
    "reg": 0.001,
    "filters_per_layer": [
      32
    ],
    "pool_every": 4,
    "hidden_dims": [
      1024
    ],
    "model_type": "resnet",
    "kw": {
      "conv_params": {
        "kernel_size": 3,
        "padding": 1,
        "stride": 1
      },
      "activation_type": "relu",
      "activation_params": {},
      "pooling_type": "max",
      "pooling_params": {
        "kernel_size": 2
      }
    },
    "layers_per_block": 8
  },
  "results": {
    "num_epochs": 9,
    "train_loss": [
      1.664750015034395,
      1.3237929694792803,
      1.1582836709973756,
      1.0092836351650756,
      0.8909792422943408,
      0.7948246272018803,
      0.7044301342476359,
      0.6248206753864922,
      0.5441925021845971
    ],
    "train_acc": [
      40.998,
      53.84,
      60.158,
      65.942,
      70.712,
      74.538,
      78.446,
      81.752,
      85.128
    ],
    "test_loss": [
      1.4070293560576514,
      1.2303359700848882,
      1.098463008578974,
      0.9814498964399575,
      0.8996640130544242,
      0.8529300066990594,
      0.8467293441676484,
      0.8861034224018122,
      0.9356154007271836
    ],
    "test_acc": [
      49.64,
      56.24,
      61.44,
      65.39,
      68.49,
      70.41,
      70.36,
      69.55,
      69.52
    ]
  }
}