{
  "config": {
    "run_name": "exp1_4",
    "out_dir": "./results",
    "seed": 412892966,
    "device": null,
    "bs_train": 128,
    "bs_test": 32,
    "batches": 100,
    "epochs": 60,
    "early_stopping": 3,
    "checkpoints": null,
    "lr": 0.001,
    "reg": 0.001,
    "filters_per_layer": [
      32
    ],
    "pool_every": 17,
    "hidden_dims": [
      1024
    ],
    "model_type": "resnet",
    "kw": {
      "batchnorm": true,
      "dropout": 0.4,
      "pooling_type": "avg",
      "conv_params": {
        "kernel_size": 3,
        "padding": 1,
        "stride": 1
      },
      "activation_type": "relu",
      "activation_params": {},
      "pooling_params": {
        "kernel_size": 2,
        "stride": 2
      }
    },
    "layers_per_block": 32
  },
  "results": {
    "num_epochs": 20,
    "train_loss": [
      2.02240724972142,
      1.6769992668000633,
      1.5710471908149817,
      1.50365832973929,
      1.4599117683937481,
      1.4204458733044012,
      1.3936419212604727,
      1.3656033670810788,
      1.3457113937343783,
      1.3262088201235018,
      1.30874953458986,
      1.294920661565288,
      1.2749443685307222,
      1.2620835173160523,
      1.244737118101486,
      1.2335610113790274,
      1.2229366479322428,
      1.2127619283583464,
      1.2012835837081266,
      1.1910359614035662
    ],
    "train_acc": [
      27.988,
      41.624,
      45.476,
      48.026,
      49.572,
      51.052,
      52.012,
      53.238,
      53.772,
      54.62,
      55.198,
      55.718,
      56.436,
      56.968,
      57.642,
      58.184,
      58.482,
      58.946,
      59.506,
      59.718
    ],
    "test_loss": [
      1.8038313377398651,
      1.5684766982690976,
      1.508210347102473,
      1.4881445359879029,
      1.4495772801268214,
      1.427849199253911,
      1.417460754466133,
      1.3986632446892344,
      1.403049682656797,
      1.379000869041053,
      1.3679505184816476,
      1.3659906158812891,
      1.3496880451330362,
      1.3368715880016169,
      1.324287852921044,
      1.3122865656694285,
      1.3075226427267155,
      1.3057967081618385,
      1.3072454283793513,
      1.3089195067128434
    ],
    "test_acc": [
      36.19,
      44.47,
      46.68,
      47.08,
      48.23,
      49.12,
      49.47,
      50.68,
      50.21,
      50.96,
      51.1,
      51.13,
      52.08,
      52.56,
      53.25,
      53.44,
      53.96,
      53.42,
      53.57,
      53.58
    ]
  }
}