{
  "config": {
    "run_name": "exp1_4",
    "out_dir": "./results",
    "seed": 2125563479,
    "device": null,
    "bs_train": 128,
    "bs_test": 32,
    "batches": 100,
    "epochs": 60,
    "early_stopping": 3,
    "checkpoints": null,
    "lr": 0.001,
    "reg": 0.001,
    "filters_per_layer": [
      64,
      128,
      256
    ],
    "pool_every": 5,
    "hidden_dims": [
      1024
    ],
    "model_type": "resnet",
    "kw": {
      "batchnorm": true,
      "dropout": 0.4,
      "pooling_type": "avg",
      "conv_params": {
        "kernel_size": 3,
        "padding": 1,
        "stride": 1
      },
      "activation_type": "relu",
      "activation_params": {},
      "pooling_params": {
        "kernel_size": 2,
        "stride": 2
      }
    },
    "layers_per_block": 8
  },
  "results": {
    "num_epochs": 18,
    "train_loss": [
      2.0286281843624456,
      1.83501896864313,
      1.7479680852816843,
      1.682545897905784,
      1.6272530699020151,
      1.5849104973361314,
      1.5475612147080013,
      1.520030845461599,
      1.4933256493200122,
      1.4671835423735402,
      1.4485084919063635,
      1.430365298410206,
      1.4081156726383492,
      1.3898604760694382,
      1.3647301248882129,
      1.3365348397618364,
      1.3125374048872067,
      1.2823334513113016
    ],
    "train_acc": [
      25.37,
      33.184,
      36.824,
      39.108,
      40.904,
      42.412,
      43.706,
      44.712,
      45.594,
      46.654,
      47.534,
      48.312,
      48.858,
      50.04,
      50.784,
      51.79,
      53.064,
      54.076
    ],
    "test_loss": [
      1.9036887830819567,
      1.7922504115790223,
      1.706520180351818,
      1.624117610553583,
      1.5406518115784034,
      1.5802032837090783,
      1.600486775175832,
      1.5285313262726172,
      1.537541616838961,
      1.5311333938909415,
      1.5431998160700449,
      1.4648264852194741,
      1.5082055912992824,
      1.549101822482892,
      1.4902490527865986,
      1.59096714939934,
      1.531375717812072,
      1.591486333658139
    ],
    "test_acc": [
      28.54,
      34.05,
      36.85,
      40.53,
      43.06,
      41.78,
      42.58,
      43.5,
      43.42,
      43.86,
      43.9,
      46.1,
      44.92,
      44.12,
      46.32,
      43.61,
      46.14,
      44.3
    ]
  }
}