{
  "config": {
    "run_name": "exp1_1",
    "out_dir": "./results",
    "seed": 1193202414,
    "device": null,
    "bs_train": 128,
    "bs_test": 32,
    "batches": 100,
    "epochs": 60,
    "early_stopping": 3,
    "checkpoints": null,
    "lr": 0.001,
    "reg": 0.001,
    "filters_per_layer": [
      32
    ],
    "pool_every": 5,
    "hidden_dims": [
      1024
    ],
    "model_type": "cnn",
    "kw": {
      "conv_params": {
        "kernel_size": 3,
        "padding": 1,
        "stride": 1
      },
      "activation_type": "relu",
      "activation_params": {},
      "pooling_type": "max",
      "pooling_params": {
        "kernel_size": 2,
        "stride": 2
      }
    },
    "layers_per_block": 8
  },
  "results": {
    "num_epochs": 4,
    "train_loss": [
      2.3030652469381345,
      2.302742265374459,
      2.3027236059193723,
      2.302710911806892
    ],
    "train_acc": [
      9.95,
      9.996,
      9.85,
      9.77
    ],
    "test_loss": [
      2.302614541099475,
      2.3026018828248827,
      2.302603775700822,
      2.3026014029408417
    ],
    "test_acc": [
      10.0,
      10.0,
      10.0,
      10.0
    ]
  }
}