{
  "config": {
    "run_name": "exp1_4",
    "out_dir": "./results",
    "seed": 648856972,
    "device": null,
    "bs_train": 128,
    "bs_test": 32,
    "batches": 100,
    "epochs": 60,
    "early_stopping": 3,
    "checkpoints": null,
    "lr": 0.0007,
    "reg": 0.001,
    "filters_per_layer": [
      64,
      128,
      256
    ],
    "pool_every": 5,
    "hidden_dims": [
      1024
    ],
    "model_type": "resnet",
    "kw": {
      "conv_params": {
        "kernel_size": 3,
        "padding": 1,
        "stride": 1
      },
      "activation_type": "relu",
      "activation_params": {},
      "pooling_type": "max",
      "pooling_params": {
        "kernel_size": 2
      }
    },
    "layers_per_block": 8
  },
  "results": {
    "num_epochs": 17,
    "train_loss": [
      1.8207087477149866,
      1.4738993940450955,
      1.3154917321241726,
      1.1782773629478787,
      1.0665520258876673,
      0.9602294972790476,
      0.8707689213021027,
      0.7952196165118985,
      0.7349866000587678,
      0.6902123146197375,
      0.6405838850666495,
      0.6101708302412496,
      0.5757668603716604,
      0.53766532131778,
      0.4973454601167108,
      0.4692263520892014,
      0.4415594266579889
    ],
    "train_acc": [
      33.768,
      47.136,
      53.568,
      59.298,
      63.788,
      67.906,
      71.186,
      74.126,
      76.36,
      78.098,
      80.186,
      81.552,
      82.976,
      84.504,
      86.294,
      87.266,
      88.494
    ],
    "test_loss": [
      1.5483449708920318,
      1.3761355366569739,
      1.2235739010210616,
      1.0988541188331458,
      1.0206643620999858,
      0.972792992005333,
      0.9074040462795537,
      0.8959409157498576,
      0.8702785745977213,
      0.8288019202387752,
      0.827860531334679,
      0.8228099658466376,
      0.8027823627375947,
      0.7838367825975052,
      0.8031640549818166,
      0.8201073907529965,
      0.8730642615606229
    ],
    "test_acc": [
      41.95,
      49.16,
      55.25,
      61.11,
      63.81,
      65.78,
      68.43,
      68.88,
      70.12,
      71.85,
      71.97,
      72.55,
      73.37,
      74.06,
      73.99,
      73.82,
      72.02
    ]
  }
}