{
  "config": {
    "run_name": "exp1_4_NoDrop",
    "out_dir": "./results",
    "seed": 1293339002,
    "device": null,
    "bs_train": 128,
    "bs_test": 32,
    "batches": 100,
    "epochs": 60,
    "early_stopping": 3,
    "checkpoints": null,
    "lr": 0.001,
    "reg": 0.001,
    "filters_per_layer": [
      64,
      128,
      256
    ],
    "pool_every": 5,
    "hidden_dims": [
      1024
    ],
    "model_type": "resnet",
    "kw": {
      "batchnorm": true,
      "pooling_type": "avg",
      "conv_params": {
        "kernel_size": 3,
        "padding": 1,
        "stride": 1
      },
      "activation_type": "relu",
      "activation_params": {},
      "pooling_params": {
        "kernel_size": 2,
        "stride": 2
      }
    },
    "layers_per_block": 8
  },
  "results": {
    "num_epochs": 21,
    "train_loss": [
      1.6320517453391228,
      1.216303055548607,
      1.0277177671642255,
      0.9009128911111056,
      0.7995528130580092,
      0.7150413006010568,
      0.6540275666567371,
      0.6014541488931612,
      0.561581772687795,
      0.5260884230551512,
      0.49443553849254424,
      0.4641297044961349,
      0.44094183031098005,
      0.4216705259612149,
      0.39911585642248776,
      0.3840167561684118,
      0.36533204528986646,
      0.3497637062121535,
      0.33663773753911336,
      0.3328867107629776,
      0.3092778339181715
    ],
    "train_acc": [
      39.84,
      57.914,
      65.482,
      70.536,
      74.576,
      77.984,
      80.152,
      82.336,
      83.782,
      85.374,
      86.442,
      87.718,
      88.606,
      89.2,
      90.22,
      90.756,
      91.42,
      91.898,
      92.416,
      92.574,
      93.332
    ],
    "test_loss": [
      1.609420405790067,
      1.2019967076877436,
      0.9840364435229438,
      0.9247290124527563,
      0.8924219803497814,
      0.8970572135318964,
      0.8561878876564221,
      0.7787527504344337,
      0.7242408963723685,
      0.7119642801273364,
      0.7348971641101776,
      0.6567267132357667,
      0.6660700180469611,
      0.6985542233854818,
      0.7535692979447758,
      0.6057946577715797,
      0.7829978716925691,
      0.6090560277430014,
      0.7331550567866133,
      0.7559806443631839,
      0.8254550124128787
    ],
    "test_acc": [
      42.51,
      56.42,
      64.53,
      67.61,
      68.73,
      69.92,
      70.7,
      73.8,
      75.44,
      75.9,
      75.92,
      78.22,
      78.3,
      77.4,
      76.73,
      80.12,
      76.17,
      80.64,
      78.34,
      77.61,
      76.01
    ]
  }
}