{
  "config": {
    "run_name": "exp1_2",
    "out_dir": "./results",
    "seed": 400821753,
    "device": null,
    "bs_train": 128,
    "bs_test": 32,
    "batches": 100,
    "epochs": 60,
    "early_stopping": 3,
    "checkpoints": null,
    "lr": 0.001,
    "reg": 0.001,
    "filters_per_layer": [
      64
    ],
    "pool_every": 2,
    "hidden_dims": [
      1024
    ],
    "model_type": "cnn",
    "kw": {
      "conv_params": {
        "kernel_size": 3,
        "padding": 1,
        "stride": 1
      },
      "activation_type": "relu",
      "activation_params": {},
      "pooling_type": "max",
      "pooling_params": {
        "kernel_size": 2
      }
    },
    "layers_per_block": 5
  },
  "results": {
    "num_epochs": 10,
    "train_loss": [
      1.6600524138306718,
      1.2449206868400964,
      1.035683167712463,
      0.88720799315616,
      0.7841923049343821,
      0.6972551239878321,
      0.6335094328731528,
      0.5745447459428207,
      0.5128629389778733,
      0.4600809805304803
    ],
    "train_acc": [
      40.722,
      57.44,
      65.742,
      71.482,
      75.726,
      79.598,
      82.672,
      85.004,
      87.692,
      90.068
    ],
    "test_loss": [
      1.3709352614399724,
      1.106795357629514,
      1.0220632374096221,
      0.9408561202664726,
      0.8903855246286423,
      0.8990303804508795,
      0.9047100212627326,
      0.9227309247937066,
      0.9748799637578928,
      1.163737414077448
    ],
    "test_acc": [
      50.9,
      60.46,
      63.89,
      67.12,
      68.98,
      69.61,
      70.05,
      69.83,
      69.38,
      66.77
    ]
  }
}