{
  "config": {
    "run_name": "exp1_2",
    "out_dir": "./results",
    "seed": 1320729189,
    "device": null,
    "bs_train": 128,
    "bs_test": 32,
    "batches": 100,
    "epochs": 60,
    "early_stopping": 3,
    "checkpoints": null,
    "lr": 0.001,
    "reg": 0.001,
    "filters_per_layer": [
      128
    ],
    "pool_every": 2,
    "hidden_dims": [
      1024
    ],
    "model_type": "cnn",
    "kw": {
      "conv_params": {
        "kernel_size": 3,
        "padding": 1,
        "stride": 1
      },
      "activation_type": "relu",
      "activation_params": {},
      "pooling_type": "max",
      "pooling_params": {
        "kernel_size": 2
      }
    },
    "layers_per_block": 2
  },
  "results": {
    "num_epochs": 10,
    "train_loss": [
      1.6202136070831963,
      1.249850984577023,
      1.1271219345004968,
      1.033697177534518,
      0.9474227067149813,
      0.8598206881671915,
      0.7840147486428166,
      0.7114704478427273,
      0.6441350197395705,
      0.5846269411961441
    ],
    "train_acc": [
      43.584,
      57.276,
      62.406,
      66.17,
      69.702,
      73.65,
      77.08,
      80.25,
      82.902,
      85.328
    ],
    "test_loss": [
      1.3189916563110229,
      1.1884305604730552,
      1.1224572450969927,
      1.077463836715625,
      1.0540159527486124,
      1.0583681513707097,
      1.0837426932094196,
      1.1439117174179028,
      1.2215417781576943,
      1.2297602149244315
    ],
    "test_acc": [
      52.78,
      57.27,
      60.1,
      61.61,
      62.67,
      63.15,
      63.17,
      62.33,
      61.64,
      61.59
    ]
  }
}