{
  "config": {
    "run_name": "exp1_2",
    "out_dir": "./results",
    "seed": 1568505856,
    "device": null,
    "bs_train": 128,
    "bs_test": 32,
    "batches": 100,
    "epochs": 60,
    "early_stopping": 3,
    "checkpoints": null,
    "lr": 0.001,
    "reg": 0.001,
    "filters_per_layer": [
      128
    ],
    "pool_every": 5,
    "hidden_dims": [
      1024
    ],
    "model_type": "cnn",
    "kw": {
      "conv_params": {
        "kernel_size": 3,
        "padding": 1,
        "stride": 1
      },
      "activation_type": "relu",
      "activation_params": {},
      "pooling_type": "max",
      "pooling_params": {
        "kernel_size": 2
      }
    },
    "layers_per_block": 8
  },
  "results": {
    "num_epochs": 4,
    "train_loss": [
      2.3038627711098516,
      2.3027264577958286,
      2.3027128234238883,
      2.3027005262691955
    ],
    "train_acc": [
      10.128,
      10.008,
      9.93,
      9.792
    ],
    "test_loss": [
      2.3026115703887453,
      2.3025945047981824,
      2.3026040773422194,
      2.302603391793589
    ],
    "test_acc": [
      10.0,
      10.0,
      10.0,
      10.0
    ]
  }
}