{
  "config": {
    "run_name": "exp1_2",
    "out_dir": "./results",
    "seed": 2144966031,
    "device": null,
    "bs_train": 128,
    "bs_test": 32,
    "batches": 100,
    "epochs": 60,
    "early_stopping": 3,
    "checkpoints": null,
    "lr": 0.001,
    "reg": 0.001,
    "filters_per_layer": [
      128
    ],
    "pool_every": 2,
    "hidden_dims": [
      1024
    ],
    "model_type": "cnn",
    "kw": {
      "conv_params": {
        "kernel_size": 3,
        "padding": 1,
        "stride": 1
      },
      "activation_type": "relu",
      "activation_params": {},
      "pooling_type": "max",
      "pooling_params": {
        "kernel_size": 2,
        "stride": 2
      }
    },
    "layers_per_block": 2
  },
  "results": {
    "num_epochs": 13,
    "train_loss": [
      1.7277638558536539,
      1.4057817239590618,
      1.3028376006409335,
      1.2236021783040918,
      1.1526880581360643,
      1.0886137019033018,
      1.0263054081241187,
      0.9677797456836457,
      0.9103795350969904,
      0.8540320001599734,
      0.7986548924080247,
      0.7434172701957585,
      0.6972266136837737
    ],
    "train_acc": [
      38.614,
      51.254,
      55.422,
      58.64,
      61.568,
      64.142,
      66.712,
      69.108,
      71.61,
      73.646,
      76.068,
      78.536,
      80.412
    ],
    "test_loss": [
      1.4997266767124018,
      1.3730231414968594,
      1.3017406355077847,
      1.257721824387011,
      1.2285818044369974,
      1.1914626369461083,
      1.1994934339111987,
      1.2186157983332015,
      1.246186715154983,
      1.2557792614062373,
      1.2994184596850848,
      1.4019642885500632,
      1.4264079010524688
    ],
    "test_acc": [
      46.52,
      50.47,
      53.5,
      54.65,
      55.86,
      56.92,
      57.08,
      56.78,
      57.09,
      57.12,
      57.05,
      54.89,
      55.9
    ]
  }
}