{
  "config": {
    "run_name": "exp1_4",
    "out_dir": "./results",
    "seed": 1576280455,
    "device": null,
    "bs_train": 128,
    "bs_test": 32,
    "batches": 100,
    "epochs": 60,
    "early_stopping": 3,
    "checkpoints": null,
    "lr": 0.001,
    "reg": 0.001,
    "filters_per_layer": [
      32
    ],
    "pool_every": 9,
    "hidden_dims": [
      1024
    ],
    "model_type": "resnet",
    "kw": {
      "batchnorm": true,
      "dropout": 0.4,
      "pooling_type": "avg",
      "conv_params": {
        "kernel_size": 3,
        "padding": 1,
        "stride": 1
      },
      "activation_type": "relu",
      "activation_params": {},
      "pooling_params": {
        "kernel_size": 2,
        "stride": 2
      }
    },
    "layers_per_block": 16
  },
  "results": {
    "num_epochs": 17,
    "train_loss": [
      1.975131702545049,
      1.6355288107986645,
      1.5290301059518019,
      1.4528227029249186,
      1.396624644089233,
      1.3547122560803542,
      1.3106642629179504,
      1.2750478946339443,
      1.2414253322059845,
      1.2024750357393719,
      1.1684637103239288,
      1.1242357917758814,
      1.096602204815506,
      1.054888965376198,
      1.02092571148787,
      0.9873486778620258,
      0.9563254646937865
    ],
    "train_acc": [
      29.452,
      42.572,
      46.268,
      49.17,
      51.274,
      52.73,
      54.3,
      55.916,
      57.288,
      58.86,
      60.186,
      62.092,
      63.052,
      64.602,
      66.062,
      67.278,
      68.652
    ],
    "test_loss": [
      1.817260409315554,
      1.5243388627664731,
      1.4941371645028598,
      1.407616232149898,
      1.3832612403284628,
      1.3638885697236838,
      1.3905630854372018,
      1.364562390901791,
      1.332911018175058,
      1.2622311867464084,
      1.252852393034548,
      1.2333177465219467,
      1.2165595824345232,
      1.1891585291384128,
      1.2145153192666391,
      1.228633893183626,
      1.2232917225398956
    ],
    "test_acc": [
      36.39,
      45.63,
      46.73,
      49.81,
      50.53,
      51.49,
      51.0,
      51.17,
      52.74,
      55.07,
      55.44,
      56.7,
      56.93,
      58.21,
      57.07,
      57.13,
      57.7
    ]
  }
}