{
  "config": {
    "run_name": "exp1_3",
    "out_dir": "./results",
    "seed": 1855898119,
    "device": null,
    "bs_train": 128,
    "bs_test": 32,
    "batches": 100,
    "epochs": 100,
    "early_stopping": 3,
    "checkpoints": null,
    "lr": 0.001,
    "reg": 0.001,
    "filters_per_layer": [
      64,
      128
    ],
    "pool_every": 2,
    "hidden_dims": [
      1024
    ],
    "model_type": "cnn",
    "kw": {
      "conv_params": {
        "kernel_size": 3,
        "padding": 1,
        "stride": 1
      },
      "activation_type": "relu",
      "activation_params": {},
      "pooling_type": "max",
      "pooling_params": {
        "kernel_size": 2
      }
    },
    "layers_per_block": 3
  },
  "results": {
    "num_epochs": 16,
    "train_loss": [
      1.7927785855729867,
      1.336939800273427,
      1.128846918987801,
      0.9726793188268267,
      0.8631222392896862,
      0.7776942835439502,
      0.7138115240789741,
      0.6616654928078127,
      0.6075839823316735,
      0.54213390310707,
      0.505172589398406,
      0.4577762281803219,
      0.42780525788016943,
      0.4204453129292754,
      0.3948597573791928,
      0.3406450180598842
    ],
    "train_acc": [
      34.916,
      53.408,
      61.756,
      67.636,
      71.772,
      75.042,
      77.78,
      79.66,
      82.112,
      84.842,
      86.286,
      88.568,
      89.778,
      90.042,
      90.86,
      93.08
    ],
    "test_loss": [
      1.4652523796398418,
      1.2245641099378324,
      1.0456594466782225,
      0.9615544487302676,
      0.8844946253413971,
      0.8414711702745944,
      0.8401232130420856,
      0.8230390791504528,
      0.8161426035169596,
      0.8480929322897817,
      0.9449874202188212,
      0.8654207021188431,
      0.9040798158310472,
      1.0799319264226066,
      0.9882319763826486,
      1.0384694582547624
    ],
    "test_acc": [
      46.22,
      55.92,
      62.63,
      65.89,
      69.13,
      70.74,
      71.22,
      71.78,
      72.46,
      72.0,
      70.71,
      73.1,
      73.18,
      69.05,
      73.13,
      73.12
    ]
  }
}