{
  "config": {
    "run_name": "exp1_2",
    "out_dir": "./results",
    "seed": 1998222779,
    "device": null,
    "bs_train": 128,
    "bs_test": 32,
    "batches": 100,
    "epochs": 50,
    "early_stopping": 3,
    "checkpoints": null,
    "lr": 0.001,
    "reg": 0.001,
    "filters_per_layer": [
      32
    ],
    "pool_every": 1,
    "hidden_dims": [
      1024
    ],
    "model_type": "cnn",
    "kw": {
      "conv_params": {
        "kernel_size": 3,
        "padding": 1,
        "stride": 1
      },
      "activation_type": "relu",
      "activation_params": {},
      "pooling_type": "max",
      "pooling_params": {
        "kernel_size": 2
      }
    },
    "layers_per_block": 2
  },
  "results": {
    "num_epochs": 15,
    "train_loss": [
      1.5265868944890053,
      1.207862282043223,
      1.0756179897681526,
      0.9931398224647697,
      0.929822838214962,
      0.8755322217636401,
      0.8247643190881481,
      0.7765284544976471,
      0.7298212763293624,
      0.6865130408340708,
      0.6503494105223194,
      0.6172399650449338,
      0.5861329383709851,
      0.5510827683274399,
      0.508135918232486
    ],
    "train_acc": [
      46.764,
      58.788,
      64.174,
      67.376,
      69.784,
      71.836,
      73.894,
      75.792,
      77.706,
      79.514,
      80.94,
      82.566,
      83.802,
      85.206,
      86.858
    ],
    "test_loss": [
      1.301018527521493,
      1.1084300570975478,
      1.0218625139123716,
      0.9712462794666473,
      0.9472731142379225,
      0.9063427012187605,
      0.8830158727618452,
      0.8690692595780467,
      0.8619101848274755,
      0.8641361618956057,
      0.8750365739241956,
      0.8664265640627462,
      0.8767280623364372,
      0.9254898581261071,
      0.9454362289593242
    ],
    "test_acc": [
      53.93,
      61.08,
      64.26,
      65.65,
      66.57,
      67.97,
      68.86,
      69.54,
      69.76,
      69.92,
      69.74,
      70.17,
      69.97,
      68.94,
      68.87
    ]
  }
}