{
  "config": {
    "run_name": "exp1_4",
    "out_dir": "./results",
    "seed": 70039976,
    "device": null,
    "bs_train": 128,
    "bs_test": 32,
    "batches": 100,
    "epochs": 100,
    "early_stopping": 3,
    "checkpoints": null,
    "lr": 0.001,
    "reg": 0.001,
    "filters_per_layer": [
      32
    ],
    "pool_every": 8,
    "hidden_dims": [
      1024
    ],
    "model_type": "resnet",
    "kw": {
      "batchnorm": true,
      "dropout": 0.3,
      "conv_params": {
        "kernel_size": 3,
        "padding": 1,
        "stride": 1
      },
      "activation_type": "relu",
      "activation_params": {},
      "pooling_type": "max",
      "pooling_params": {
        "kernel_size": 2,
        "stride": 2
      }
    },
    "layers_per_block": 16
  },
  "results": {
    "num_epochs": 21,
    "train_loss": [
      1.9545817741042817,
      1.6088353102774267,
      1.4120387607218359,
      1.2923268649889075,
      1.178026087143842,
      1.0744350567803054,
      0.9973780169816273,
      0.9265987030075639,
      0.8710160400251599,
      0.8272171947352417,
      0.7798989535597585,
      0.7434447105888211,
      0.7103217694613025,
      0.6778077637905355,
      0.646415626301485,
      0.6202190215020533,
      0.5918461878586303,
      0.5677879643257316,
      0.5392558585347422,
      0.5268531392145035,
      0.5076703253914329
    ],
    "train_acc": [
      30.434,
      43.652,
      50.706,
      55.346,
      59.576,
      63.394,
      66.402,
      68.95,
      70.79,
      72.806,
      74.218,
      75.582,
      77.178,
      78.346,
      79.248,
      80.27,
      81.37,
      82.4,
      83.198,
      83.706,
      84.356
    ],
    "test_loss": [
      1.7185408509196565,
      1.4876139746687282,
      1.2879833634288167,
      1.1815126648726173,
      1.0898126428500532,
      1.0251336347180815,
      0.9713518651910483,
      0.9276021517122897,
      0.9217280698850894,
      0.8948093146180954,
      0.8893053845856518,
      0.8835884318374597,
      0.877857165690809,
      0.8985112093317623,
      0.8830509411450773,
      0.9664853576082773,
      0.9718427802807987,
      0.949530197979924,
      0.9624825451320733,
      0.9814461300167413,
      1.0980057481188363
    ],
    "test_acc": [
      38.38,
      47.54,
      54.32,
      57.74,
      60.94,
      63.49,
      65.68,
      67.15,
      67.85,
      68.7,
      69.48,
      69.92,
      69.98,
      70.03,
      70.7,
      69.09,
      69.32,
      70.71,
      70.27,
      69.81,
      68.75
    ]
  }
}