{
  "config": {
    "run_name": "exp1_2",
    "out_dir": "./results",
    "seed": 1878970231,
    "device": null,
    "bs_train": 128,
    "bs_test": 32,
    "batches": 100,
    "epochs": 60,
    "early_stopping": 3,
    "checkpoints": null,
    "lr": 0.001,
    "reg": 0.001,
    "filters_per_layer": [
      128
    ],
    "pool_every": 1,
    "hidden_dims": [
      1024
    ],
    "model_type": "cnn",
    "kw": {
      "conv_params": {
        "kernel_size": 3,
        "padding": 1,
        "stride": 1
      },
      "activation_type": "relu",
      "activation_params": {},
      "pooling_type": "max",
      "pooling_params": {
        "kernel_size": 2
      }
    },
    "layers_per_block": 3
  },
  "results": {
    "num_epochs": 13,
    "train_loss": [
      1.5912614835192784,
      1.1645376584718905,
      0.9843904347066075,
      0.8703930728575763,
      0.7913263152017618,
      0.7258257657060843,
      0.6680205652628408,
      0.6189949679405183,
      0.5719635653526277,
      0.5465468088226855,
      0.4950900763806785,
      0.45792018201040185,
      0.41119443977732795
    ],
    "train_acc": [
      43.116,
      60.646,
      67.608,
      71.82,
      74.938,
      77.326,
      79.59,
      81.584,
      83.45,
      84.498,
      86.62,
      88.228,
      90.044
    ],
    "test_loss": [
      1.2628288712745277,
      1.0797123882336357,
      0.9505450315178393,
      0.8772347969369004,
      0.821831509328117,
      0.8029263889827667,
      0.8123075066092676,
      0.7998480187437405,
      0.7966593786740837,
      0.7705748763899453,
      0.7854674926485878,
      0.8200685515190466,
      0.9103769132028372
    ],
    "test_acc": [
      54.99,
      62.29,
      67.24,
      69.15,
      71.04,
      71.95,
      71.88,
      72.71,
      72.97,
      74.24,
      74.02,
      73.62,
      72.54
    ]
  }
}