{
  "config": {
    "run_name": "exp1_2",
    "out_dir": "./results",
    "seed": 1448406023,
    "device": null,
    "bs_train": 128,
    "bs_test": 32,
    "batches": 100,
    "epochs": 60,
    "early_stopping": 3,
    "checkpoints": null,
    "lr": 0.001,
    "reg": 0.001,
    "filters_per_layer": [
      64
    ],
    "pool_every": 5,
    "hidden_dims": [
      1024
    ],
    "model_type": "cnn",
    "kw": {
      "conv_params": {
        "kernel_size": 3,
        "padding": 1,
        "stride": 1
      },
      "activation_type": "relu",
      "activation_params": {},
      "pooling_type": "max",
      "pooling_params": {
        "kernel_size": 2
      }
    },
    "layers_per_block": 8
  },
  "results": {
    "num_epochs": 4,
    "train_loss": [
      2.302998097656328,
      2.3027405744928227,
      2.3027205845279157,
      2.3027058190396983
    ],
    "train_acc": [
      10.046,
      10.056,
      9.948,
      9.878
    ],
    "test_loss": [
      2.302622186490141,
      2.3026065872119257,
      2.302604082674264,
      2.302602409935607
    ],
    "test_acc": [
      10.0,
      10.0,
      10.0,
      10.0
    ]
  }
}