{
  "config": {
    "run_name": "exp1_1",
    "out_dir": "./results",
    "seed": 89920754,
    "device": null,
    "bs_train": 128,
    "bs_test": 32,
    "batches": 100,
    "epochs": 60,
    "early_stopping": 3,
    "checkpoints": null,
    "lr": 0.001,
    "reg": 0.001,
    "filters_per_layer": [
      64
    ],
    "pool_every": 2,
    "hidden_dims": [
      1024
    ],
    "model_type": "cnn",
    "kw": {
      "conv_params": {
        "kernel_size": 3,
        "padding": 1,
        "stride": 1
      },
      "activation_type": "relu",
      "activation_params": {},
      "pooling_type": "max",
      "pooling_params": {
        "kernel_size": 2,
        "stride": 2
      }
    },
    "layers_per_block": 2
  },
  "results": {
    "num_epochs": 9,
    "train_loss": [
      1.6429251279977277,
      1.2840107261677227,
      1.1705215707459413,
      1.0800581103395623,
      0.9912271903603888,
      0.9130397996939051,
      0.8418223915807427,
      0.7756497715135364,
      0.7026760448580203
    ],
    "train_acc": [
      42.152,
      56.106,
      60.836,
      64.412,
      68.212,
      71.352,
      74.256,
      77.278,
      80.272
    ],
    "test_loss": [
      1.3597527593850327,
      1.212977851351229,
      1.1584938423702131,
      1.1484467745208131,
      1.0803662529006934,
      1.062316362278911,
      1.099330400030453,
      1.120985921579428,
      1.1676249757361488
    ],
    "test_acc": [
      50.33,
      56.45,
      58.85,
      59.25,
      61.89,
      62.84,
      62.08,
      61.94,
      61.9
    ]
  }
}