{
  "config": {
    "run_name": "exp1_2",
    "out_dir": "./results",
    "seed": 1669223925,
    "device": null,
    "bs_train": 128,
    "bs_test": 32,
    "batches": 100,
    "epochs": 60,
    "early_stopping": 3,
    "checkpoints": null,
    "lr": 0.001,
    "reg": 0.001,
    "filters_per_layer": [
      32
    ],
    "pool_every": 1,
    "hidden_dims": [
      1024
    ],
    "model_type": "cnn",
    "kw": {
      "conv_params": {
        "kernel_size": 3,
        "padding": 1,
        "stride": 1
      },
      "activation_type": "relu",
      "activation_params": {},
      "pooling_type": "max",
      "pooling_params": {
        "kernel_size": 2
      }
    },
    "layers_per_block": 3
  },
  "results": {
    "num_epochs": 13,
    "train_loss": [
      1.6822531793428503,
      1.3515580368163946,
      1.2079758374282465,
      1.1055532434712285,
      1.024034384571378,
      0.9560771212553429,
      0.8970576870776809,
      0.8437559783001385,
      0.7952052787746615,
      0.7509333297724614,
      0.7157599259825314,
      0.6847369520712996,
      0.6491065276095934
    ],
    "train_acc": [
      39.558,
      52.426,
      58.202,
      62.318,
      65.58,
      68.126,
      70.394,
      72.402,
      74.196,
      75.966,
      77.29,
      78.612,
      79.912
    ],
    "test_loss": [
      1.4403765647175213,
      1.2863893758374663,
      1.1861633696495153,
      1.1030031086537784,
      1.0284470329269433,
      0.982978211233791,
      0.9576455978349375,
      0.9276760870846696,
      0.89689749126998,
      0.8816492286162635,
      0.8922163140469085,
      0.8895662029901632,
      0.8902386429782112
    ],
    "test_acc": [
      48.22,
      54.52,
      58.39,
      61.44,
      63.91,
      65.58,
      67.14,
      68.24,
      69.15,
      69.87,
      69.57,
      69.71,
      69.77
    ]
  }
}