{
  "config": {
    "run_name": "exp1_3",
    "out_dir": "./results",
    "seed": 1383961678,
    "device": null,
    "bs_train": 128,
    "bs_test": 32,
    "batches": 100,
    "epochs": 100,
    "early_stopping": 3,
    "checkpoints": null,
    "lr": 0.001,
    "reg": 0.001,
    "filters_per_layer": [
      64,
      128
    ],
    "pool_every": 2,
    "hidden_dims": [
      1024
    ],
    "model_type": "cnn",
    "kw": {
      "conv_params": {
        "kernel_size": 3,
        "padding": 1,
        "stride": 1
      },
      "activation_type": "relu",
      "activation_params": {},
      "pooling_type": "max",
      "pooling_params": {
        "kernel_size": 2
      }
    },
    "layers_per_block": 2
  },
  "results": {
    "num_epochs": 14,
    "train_loss": [
      1.6091970879098643,
      1.151862250721973,
      0.9619367514424921,
      0.8302832709249023,
      0.7294333200625447,
      0.6295826034930051,
      0.5594878400225773,
      0.5103324410098288,
      0.44268999288758965,
      0.39466262606861036,
      0.3624653648537443,
      0.32437705825966645,
      0.2840420258472033,
      0.26407193468735957
    ],
    "train_acc": [
      43.246,
      61.42,
      68.678,
      73.824,
      77.808,
      82.106,
      85.028,
      87.138,
      89.902,
      91.988,
      93.016,
      94.448,
      95.712,
      96.45
    ],
    "test_loss": [
      1.256465687348058,
      1.0249604950316797,
      0.9213572318751972,
      0.8500456486266261,
      0.811148141424496,
      0.8087842807221336,
      0.8446300127826178,
      0.8657425378267758,
      0.9366517847719283,
      0.9876812187056191,
      0.9153636432112977,
      0.9788637694459372,
      1.0799289988443113,
      1.1687861861893163
    ],
    "test_acc": [
      55.01,
      63.43,
      67.27,
      69.94,
      71.69,
      72.35,
      72.86,
      73.14,
      72.04,
      71.18,
      73.42,
      73.14,
      71.55,
      70.59
    ]
  }
}