{
  "config": {
    "run_name": "exp1_3",
    "out_dir": "./results",
    "seed": 2024992285,
    "device": null,
    "bs_train": 128,
    "bs_test": 32,
    "batches": 100,
    "epochs": 100,
    "early_stopping": 3,
    "checkpoints": null,
    "lr": 0.001,
    "reg": 0.001,
    "filters_per_layer": [
      64,
      128
    ],
    "pool_every": 2,
    "hidden_dims": [
      1024
    ],
    "model_type": "cnn",
    "kw": {
      "conv_params": {
        "kernel_size": 3,
        "padding": 1,
        "stride": 1
      },
      "activation_type": "relu",
      "activation_params": {},
      "pooling_type": "max",
      "pooling_params": {
        "kernel_size": 2
      }
    },
    "layers_per_block": 4
  },
  "results": {
    "num_epochs": 4,
    "train_loss": [
      2.303119163074152,
      2.3027734134508218,
      2.30272012171538,
      2.3027124691497334
    ],
    "train_acc": [
      10.016,
      10.032,
      10.006,
      9.87
    ],
    "test_loss": [
      2.3026691519033413,
      2.3026193612680648,
      2.302607586589484,
      2.302601559093585
    ],
    "test_acc": [
      10.0,
      10.0,
      10.0,
      10.0
    ]
  }
}