{
  "config": {
    "run_name": "exp1_3",
    "out_dir": "./results",
    "seed": 484128834,
    "device": null,
    "bs_train": 128,
    "bs_test": 32,
    "batches": 100,
    "epochs": 100,
    "early_stopping": 3,
    "checkpoints": null,
    "lr": 0.001,
    "reg": 0.001,
    "filters_per_layer": [
      64,
      128
    ],
    "pool_every": 2,
    "hidden_dims": [
      1024
    ],
    "model_type": "cnn",
    "kw": {
      "conv_params": {
        "kernel_size": 3,
        "padding": 1,
        "stride": 1
      },
      "activation_type": "relu",
      "activation_params": {},
      "pooling_type": "max",
      "pooling_params": {
        "kernel_size": 2,
        "stride": 2
      }
    },
    "layers_per_block": 2
  },
  "results": {
    "num_epochs": 9,
    "train_loss": [
      1.6340972761363934,
      1.2006099298786934,
      1.0050796627083702,
      0.873859223959696,
      0.7673522565523376,
      0.6716997330755834,
      0.6006715925758147,
      0.534876356268173,
      0.4912371640010258
    ],
    "train_acc": [
      41.752,
      59.35,
      66.802,
      71.978,
      76.498,
      80.438,
      83.42,
      86.3,
      88.054
    ],
    "test_loss": [
      1.3500832309738136,
      1.078578641620307,
      0.9821110948586997,
      0.8854088231016652,
      0.8306309676970156,
      0.7976848508793706,
      0.8323368355869866,
      0.8602175134629868,
      0.883008492545198
    ],
    "test_acc": [
      51.67,
      62.1,
      65.74,
      69.23,
      70.61,
      72.21,
      71.83,
      71.94,
      71.77
    ]
  }
}