{
  "config": {
    "run_name": "exp1_4",
    "out_dir": "./results",
    "seed": 457291609,
    "device": null,
    "bs_train": 128,
    "bs_test": 32,
    "batches": 100,
    "epochs": 60,
    "early_stopping": 3,
    "checkpoints": null,
    "lr": 0.001,
    "reg": 0.001,
    "filters_per_layer": [
      64,
      128,
      256
    ],
    "pool_every": 3,
    "hidden_dims": [
      1024
    ],
    "model_type": "resnet",
    "kw": {
      "batchnorm": true,
      "dropout": 0.4,
      "pooling_type": "avg",
      "conv_params": {
        "kernel_size": 3,
        "padding": 1,
        "stride": 1
      },
      "activation_type": "relu",
      "activation_params": {},
      "pooling_params": {
        "kernel_size": 2,
        "stride": 2
      }
    },
    "layers_per_block": 4
  },
  "results": {
    "num_epochs": 18,
    "train_loss": [
      1.9381822875088743,
      1.6702870078708814,
      1.5518887869232452,
      1.4453625218642643,
      1.3553437552488674,
      1.2479947939553224,
      1.1533725325713682,
      1.074315783770188,
      1.0126759707165496,
      0.9639419459016122,
      0.9280716610686554,
      0.8886376895258189,
      0.8534398246604158,
      0.8323242179573039,
      0.811308483638422,
      0.7943770640036639,
      0.7729903790347107,
      0.7618178516397696
    ],
    "train_acc": [
      29.16,
      39.848,
      44.614,
      48.248,
      52.196,
      56.378,
      59.784,
      62.84,
      65.316,
      67.064,
      68.546,
      69.864,
      71.014,
      71.78,
      72.422,
      73.248,
      73.682,
      74.424
    ],
    "test_loss": [
      1.6619845682058851,
      1.5609245989650202,
      1.4361445547673648,
      1.3554249103076923,
      1.2774985941073385,
      1.1968849615547985,
      1.1628958891374996,
      1.0636632149211895,
      0.9903487937328533,
      1.001191799252178,
      0.9849790214730528,
      0.9563229245880541,
      0.932370662784424,
      0.9378274938168998,
      0.9087002392584523,
      0.9004821447899547,
      0.9970501482296295,
      0.9047541353649224
    ],
    "test_acc": [
      39.42,
      43.15,
      48.06,
      50.8,
      54.26,
      58.04,
      59.58,
      62.6,
      65.37,
      64.68,
      65.72,
      66.76,
      67.35,
      67.58,
      68.53,
      68.37,
      65.21,
      68.32
    ]
  }
}