{
  "config": {
    "run_name": "exp1_1",
    "out_dir": "./results",
    "seed": 159258383,
    "device": null,
    "bs_train": 128,
    "bs_test": 32,
    "batches": 100,
    "epochs": 60,
    "early_stopping": 3,
    "checkpoints": null,
    "lr": 0.001,
    "reg": 0.001,
    "filters_per_layer": [
      32
    ],
    "pool_every": 9,
    "hidden_dims": [
      1024
    ],
    "model_type": "cnn",
    "kw": {
      "conv_params": {
        "kernel_size": 3,
        "padding": 1,
        "stride": 1
      },
      "activation_type": "relu",
      "activation_params": {},
      "pooling_type": "max",
      "pooling_params": {
        "kernel_size": 2,
        "stride": 2
      }
    },
    "layers_per_block": 16
  },
  "results": {
    "num_epochs": 4,
    "train_loss": [
      2.303032153707636,
      2.3027402805855206,
      2.302743181243272,
      2.3027141386895535
    ],
    "train_acc": [
      10.052,
      9.984,
      9.99,
      9.98
    ],
    "test_loss": [
      2.3026293999851704,
      2.3026098549937286,
      2.3026059481282584,
      2.302602207317901
    ],
    "test_acc": [
      10.0,
      10.0,
      10.0,
      10.0
    ]
  }
}