{
  "config": {
    "run_name": "exp1_4_NoDrop",
    "out_dir": "./results",
    "seed": 1251531304,
    "device": null,
    "bs_train": 128,
    "bs_test": 32,
    "batches": 100,
    "epochs": 60,
    "early_stopping": 3,
    "checkpoints": null,
    "lr": 0.001,
    "reg": 0.001,
    "filters_per_layer": [
      64,
      128,
      256
    ],
    "pool_every": 2,
    "hidden_dims": [
      1024
    ],
    "model_type": "resnet",
    "kw": {
      "batchnorm": true,
      "pooling_type": "avg",
      "conv_params": {
        "kernel_size": 3,
        "padding": 1,
        "stride": 1
      },
      "activation_type": "relu",
      "activation_params": {},
      "pooling_params": {
        "kernel_size": 2,
        "stride": 2
      }
    },
    "layers_per_block": 2
  },
  "results": {
    "num_epochs": 20,
    "train_loss": [
      1.4296845746467182,
      0.981428579448739,
      0.8143237865794345,
      0.6944100223386379,
      0.6082877416897308,
      0.541077924049114,
      0.4933269978941554,
      0.45127411396302225,
      0.4147538765312156,
      0.38479513642580615,
      0.3553256160386688,
      0.330145819527109,
      0.31116324708894694,
      0.29219833111671534,
      0.27632007639273964,
      0.26302304879173904,
      0.24559478800924842,
      0.23142572442817566,
      0.22286592742137593,
      0.21482808062868655
    ],
    "train_acc": [
      50.286,
      67.54,
      73.792,
      78.378,
      81.89,
      84.482,
      86.226,
      87.918,
      89.354,
      90.364,
      91.434,
      92.494,
      93.23,
      93.842,
      94.608,
      95.102,
      95.708,
      96.106,
      96.454,
      96.536
    ],
    "test_loss": [
      1.2879725521364913,
      0.9692589733928156,
      0.8304723636410869,
      0.7266472227657184,
      0.7537953248991373,
      0.7621518780057803,
      0.6298125904208174,
      0.6185227419240787,
      0.6261110681885729,
      0.6105538430971841,
      0.7181461511995084,
      0.7441825467271926,
      0.624232043306858,
      0.6318643600605547,
      0.6324745457107648,
      0.635773818332928,
      0.6291412652824253,
      0.6490463275498095,
      0.6456770350138981,
      0.6678612126281467
    ],
    "test_acc": [
      54.34,
      65.72,
      71.15,
      74.28,
      73.87,
      74.88,
      79.1,
      79.0,
      79.33,
      79.72,
      77.75,
      77.15,
      80.43,
      80.19,
      80.75,
      80.64,
      81.66,
      81.2,
      81.6,
      81.51
    ]
  }
}