{
  "config": {
    "run_name": "exp1_2",
    "out_dir": "./results",
    "seed": 71804879,
    "device": null,
    "bs_train": 128,
    "bs_test": 32,
    "batches": 100,
    "epochs": 50,
    "early_stopping": 3,
    "checkpoints": null,
    "lr": 0.001,
    "reg": 0.001,
    "filters_per_layer": [
      64
    ],
    "pool_every": 1,
    "hidden_dims": [
      1024
    ],
    "model_type": "cnn",
    "kw": {
      "conv_params": {
        "kernel_size": 3,
        "padding": 1,
        "stride": 1
      },
      "activation_type": "relu",
      "activation_params": {},
      "pooling_type": "max",
      "pooling_params": {
        "kernel_size": 2
      }
    },
    "layers_per_block": 2
  },
  "results": {
    "num_epochs": 13,
    "train_loss": [
      1.5659418365229731,
      1.2267836208843514,
      1.0838446950973453,
      0.9825763243543523,
      0.9106876144323812,
      0.8516704591034013,
      0.8008732307902382,
      0.7546033528454773,
      0.699747759591588,
      0.650540301333303,
      0.6138037369226861,
      0.5789641830927271,
      0.5516196293446719
    ],
    "train_acc": [
      44.914,
      57.802,
      63.672,
      67.422,
      70.304,
      72.482,
      74.446,
      76.28,
      78.314,
      80.636,
      82.162,
      83.644,
      84.662
    ],
    "test_loss": [
      1.3006975694586294,
      1.1565438868900457,
      1.044270900110848,
      0.9796179340670284,
      0.932529261508308,
      0.8944246549004564,
      0.8835170451825419,
      0.8662267244471529,
      0.8535986526515156,
      0.8552607871092166,
      0.876124851048564,
      0.8913101604380927,
      0.9452894370967206
    ],
    "test_acc": [
      53.95,
      59.16,
      63.01,
      65.6,
      67.23,
      68.62,
      69.14,
      69.68,
      70.22,
      70.69,
      70.36,
      70.19,
      68.66
    ]
  }
}