{
  "config": {
    "run_name": "exp1_3",
    "out_dir": "./results",
    "seed": 1809054485,
    "device": null,
    "bs_train": 128,
    "bs_test": 32,
    "batches": 100,
    "epochs": 100,
    "early_stopping": 3,
    "checkpoints": null,
    "lr": 0.001,
    "reg": 0.001,
    "filters_per_layer": [
      64,
      128
    ],
    "pool_every": 4,
    "hidden_dims": [
      1024
    ],
    "model_type": "cnn",
    "kw": {
      "conv_params": {
        "kernel_size": 3,
        "padding": 1,
        "stride": 1
      },
      "activation_type": "relu",
      "activation_params": {},
      "pooling_type": "max",
      "pooling_params": {
        "kernel_size": 2,
        "stride": 2
      }
    },
    "layers_per_block": 4
  },
  "results": {
    "num_epochs": 4,
    "train_loss": [
      2.3029000234725836,
      2.302717444841819,
      2.3027036305888533,
      2.3027120185325214
    ],
    "train_acc": [
      9.976,
      9.776,
      9.734,
      9.828
    ],
    "test_loss": [
      2.3026232186216897,
      2.302603285914412,
      2.3026007128218873,
      2.3026033232387264
    ],
    "test_acc": [
      10.0,
      10.0,
      10.0,
      10.0
    ]
  }
}