{
  "config": {
    "run_name": "exp1_1",
    "out_dir": "./results",
    "seed": 1348955518,
    "device": null,
    "bs_train": 128,
    "bs_test": 32,
    "batches": 100,
    "epochs": 60,
    "early_stopping": 3,
    "checkpoints": null,
    "lr": 0.001,
    "reg": 0.001,
    "filters_per_layer": [
      64
    ],
    "pool_every": 9,
    "hidden_dims": [
      1024
    ],
    "model_type": "cnn",
    "kw": {
      "conv_params": {
        "kernel_size": 3,
        "padding": 1,
        "stride": 1
      },
      "activation_type": "relu",
      "activation_params": {},
      "pooling_type": "max",
      "pooling_params": {
        "kernel_size": 2,
        "stride": 2
      }
    },
    "layers_per_block": 16
  },
  "results": {
    "num_epochs": 4,
    "train_loss": [
      2.3028898873292576,
      2.302730539570684,
      2.302744101380448,
      2.3027085904270184
    ],
    "train_acc": [
      10.044,
      9.872,
      9.824,
      9.732
    ],
    "test_loss": [
      2.3026091100308843,
      2.3026026521627894,
      2.302604478769028,
      2.3026165581358886
    ],
    "test_acc": [
      10.0,
      10.0,
      10.0,
      10.0
    ]
  }
}