{
  "config": {
    "run_name": "exp1_2",
    "out_dir": "./results",
    "seed": 900366906,
    "device": null,
    "bs_train": 128,
    "bs_test": 32,
    "batches": 100,
    "epochs": 50,
    "early_stopping": 3,
    "checkpoints": null,
    "lr": 0.001,
    "reg": 0.001,
    "filters_per_layer": [
      128
    ],
    "pool_every": 3,
    "hidden_dims": [
      1024
    ],
    "model_type": "cnn",
    "kw": {
      "conv_params": {
        "kernel_size": 3,
        "padding": 1,
        "stride": 1
      },
      "activation_type": "relu",
      "activation_params": {},
      "pooling_type": "max",
      "pooling_params": {
        "kernel_size": 2
      }
    },
    "layers_per_block": 8
  },
  "results": {
    "num_epochs": 4,
    "train_loss": [
      2.302868310752732,
      2.302701675678458,
      2.3027101959413883,
      2.3027227040751814
    ],
    "train_acc": [
      10.176,
      9.834,
      9.724,
      9.84
    ],
    "test_loss": [
      2.3026072125846206,
      2.302600287020016,
      2.3026015408122884,
      2.302607518796342
    ],
    "test_acc": [
      10.0,
      10.0,
      10.0,
      10.0
    ]
  }
}