{
  "config": {
    "run_name": "exp1_1",
    "out_dir": "./results",
    "seed": 159697726,
    "device": null,
    "bs_train": 128,
    "bs_test": 32,
    "batches": 100,
    "epochs": 50,
    "early_stopping": 3,
    "checkpoints": null,
    "lr": 0.001,
    "reg": 0.001,
    "filters_per_layer": [
      32
    ],
    "pool_every": 1,
    "hidden_dims": [
      1024
    ],
    "model_type": "cnn",
    "kw": {
      "conv_params": {
        "kernel_size": 3,
        "padding": 1,
        "stride": 1
      },
      "activation_type": "relu",
      "activation_params": {},
      "pooling_type": "max",
      "pooling_params": {
        "kernel_size": 2
      }
    },
    "layers_per_block": 2
  },
  "results": {
    "num_epochs": 15,
    "train_loss": [
      1.57072017076985,
      1.241637831453777,
      1.0957294524173298,
      1.00178945689555,
      0.9334396424195955,
      0.879103167892417,
      0.8237018144649008,
      0.7762622846971692,
      0.7313259137256066,
      0.6898808027319896,
      0.6489230908091416,
      0.6039024968738751,
      0.5640184427313792,
      0.5178674940410477,
      0.4841224276043875
    ],
    "train_acc": [
      44.768,
      57.426,
      63.324,
      67.106,
      69.694,
      71.886,
      74.192,
      76.028,
      77.61,
      79.386,
      81.112,
      83.05,
      84.672,
      86.574,
      87.898
    ],
    "test_loss": [
      1.3200236852176654,
      1.1643362264282786,
      1.0565016677204413,
      0.9942218055740332,
      0.9436488510511173,
      0.9170200785699363,
      0.8910918180554058,
      0.8955938792266784,
      0.8801985816262401,
      0.8794048465669345,
      0.8733091786646614,
      0.8794325137862001,
      0.893296407339291,
      0.9470188112114184,
      0.9949628142312693
    ],
    "test_acc": [
      53.08,
      59.07,
      63.44,
      66.04,
      67.62,
      68.36,
      69.25,
      69.09,
      69.93,
      69.54,
      70.03,
      70.18,
      69.72,
      69.09,
      68.48
    ]
  }
}