{
  "config": {
    "run_name": "exp1_4",
    "out_dir": "./results",
    "seed": 556140859,
    "device": null,
    "bs_train": 128,
    "bs_test": 32,
    "batches": 100,
    "epochs": 100,
    "early_stopping": 3,
    "checkpoints": null,
    "lr": 0.001,
    "reg": 0.001,
    "filters_per_layer": [
      32
    ],
    "pool_every": 16,
    "hidden_dims": [
      1024
    ],
    "model_type": "resnet",
    "kw": {
      "batchnorm": true,
      "dropout": 0.3,
      "conv_params": {
        "kernel_size": 3,
        "padding": 1,
        "stride": 1
      },
      "activation_type": "relu",
      "activation_params": {},
      "pooling_type": "max",
      "pooling_params": {
        "kernel_size": 2,
        "stride": 2
      }
    },
    "layers_per_block": 32
  },
  "results": {
    "num_epochs": 40,
    "train_loss": [
      2.0013889638359283,
      1.647327256324651,
      1.518765098603485,
      1.4548618799585211,
      1.4081844966429884,
      1.3750661117646394,
      1.348378000661845,
      1.318368024533362,
      1.295494250324376,
      1.2707119207552937,
      1.2498366652852129,
      1.2313338588265812,
      1.2150142508394577,
      1.1972177499700385,
      1.1837237901090052,
      1.1691795967119125,
      1.1572177372015346,
      1.145768758433554,
      1.134311584103138,
      1.124240884543075,
      1.1125864072528946,
      1.102951227246648,
      1.0929865158732286,
      1.0829911750295889,
      1.0736746393201295,
      1.0649408114230847,
      1.0568937473284923,
      1.0487753802248279,
      1.0411373985088086,
      1.034992352623464,
      1.0269793374154268,
      1.020093750923186,
      1.0131299898142705,
      1.0068668675849506,
      0.9994332294939728,
      0.9957619859739337,
      0.9892789834295698,
      0.9833681926398021,
      0.9772727088550167,
      0.9717578852877897
    ],
    "train_acc": [
      28.09,
      41.848,
      46.946,
      49.536,
      51.272,
      52.432,
      53.326,
      54.508,
      55.448,
      56.406,
      57.15,
      57.774,
      58.538,
      59.242,
      59.73,
      60.356,
      60.682,
      61.058,
      61.482,
      61.962,
      62.432,
      62.834,
      63.19,
      63.536,
      63.948,
      64.092,
      64.534,
      64.93,
      65.178,
      65.356,
      65.704,
      65.974,
      66.364,
      66.724,
      66.806,
      67.08,
      67.23,
      67.56,
      67.796,
      68.008
    ],
    "test_loss": [
      1.718135786513551,
      1.5627335641330804,
      1.4606454128655382,
      1.4207570933686278,
      1.3886656841150107,
      1.3646988590685323,
      1.3402441709567183,
      1.3225126523560229,
      1.3058918539327555,
      1.299399327546263,
      1.284284229476612,
      1.2734802378633152,
      1.251657011600348,
      1.243516455824002,
      1.242046168056159,
      1.241046020778985,
      1.218111151704392,
      1.2168183383850244,
      1.2094439256686371,
      1.2008385088877938,
      1.2040487009877214,
      1.1811449167827448,
      1.1882140238445027,
      1.1777532986177803,
      1.1725531477516833,
      1.166556358908693,
      1.1677209788237135,
      1.164922721279315,
      1.160916031549533,
      1.159706110009751,
      1.1578261437126622,
      1.1556104585385552,
      1.152942477704618,
      1.1542333760581458,
      1.1550105528328747,
      1.1483853375568938,
      1.1485240465155044,
      1.1505539885725076,
      1.1488309034143394,
      1.1466235777440543
    ],
    "test_acc": [
      39.21,
      43.4,
      47.81,
      49.14,
      50.17,
      51.1,
      52.19,
      53.05,
      53.73,
      53.72,
      54.14,
      54.44,
      55.54,
      56.07,
      55.9,
      56.0,
      56.72,
      56.77,
      57.02,
      57.38,
      57.28,
      57.92,
      57.82,
      58.13,
      58.52,
      58.6,
      58.84,
      59.01,
      58.69,
      59.2,
      59.25,
      59.19,
      59.52,
      59.6,
      59.36,
      59.86,
      60.01,
      59.76,
      59.88,
      59.83
    ]
  }
}