{
  "config": {
    "run_name": "exp1_2",
    "out_dir": "./results",
    "seed": 1362082974,
    "device": null,
    "bs_train": 128,
    "bs_test": 32,
    "batches": 100,
    "epochs": 60,
    "early_stopping": 3,
    "checkpoints": null,
    "lr": 0.001,
    "reg": 0.001,
    "filters_per_layer": [
      64
    ],
    "pool_every": 3,
    "hidden_dims": [
      1024
    ],
    "model_type": "cnn",
    "kw": {
      "conv_params": {
        "kernel_size": 3,
        "padding": 1,
        "stride": 1
      },
      "activation_type": "relu",
      "activation_params": {},
      "pooling_type": "max",
      "pooling_params": {
        "kernel_size": 2
      }
    },
    "layers_per_block": 4
  },
  "results": {
    "num_epochs": 8,
    "train_loss": [
      1.579997315126307,
      1.2019266364214671,
      1.0179473792805391,
      0.8858482086140177,
      0.775384521088027,
      0.6746860558114698,
      0.5899032200388896,
      0.5273715407799577
    ],
    "train_acc": [
      44.706,
      59.836,
      67.218,
      72.224,
      77.126,
      81.816,
      85.688,
      88.322
    ],
    "test_loss": [
      1.3462499612436507,
      1.0666792859284642,
      0.951711901746238,
      0.9077762132064222,
      0.8842909748371417,
      0.9347789662714583,
      0.9904865000765926,
      0.9854906490816476
    ],
    "test_acc": [
      52.09,
      61.99,
      66.06,
      68.27,
      69.62,
      69.19,
      67.79,
      68.25
    ]
  }
}