{
  "config": {
    "run_name": "exp1_2",
    "out_dir": "./results",
    "seed": 928265903,
    "device": null,
    "bs_train": 128,
    "bs_test": 32,
    "batches": 100,
    "epochs": 60,
    "early_stopping": 3,
    "checkpoints": null,
    "lr": 0.001,
    "reg": 0.001,
    "filters_per_layer": [
      32
    ],
    "pool_every": 5,
    "hidden_dims": [
      1024
    ],
    "model_type": "cnn",
    "kw": {
      "conv_params": {
        "kernel_size": 3,
        "padding": 1,
        "stride": 1
      },
      "activation_type": "relu",
      "activation_params": {},
      "pooling_type": "max",
      "pooling_params": {
        "kernel_size": 2,
        "stride": 2
      }
    },
    "layers_per_block": 8
  },
  "results": {
    "num_epochs": 9,
    "train_loss": [
      1.904860861161176,
      1.517218051968938,
      1.3536572169769756,
      1.2295099025797052,
      1.112117569007532,
      0.9932529206775949,
      0.8930195446514413,
      0.8215990615317889,
      0.7169712563152508
    ],
    "train_acc": [
      31.62,
      47.358,
      53.778,
      58.972,
      64.086,
      69.894,
      74.398,
      77.99,
      82.428
    ],
    "test_loss": [
      1.6041695519377248,
      1.4135783442293113,
      1.343678876424369,
      1.3585003688693427,
      1.2916398105529932,
      1.3066381238900815,
      1.4334122683293522,
      1.488536675898031,
      1.5568454683588717
    ],
    "test_acc": [
      42.46,
      49.36,
      52.16,
      53.64,
      56.35,
      56.44,
      55.73,
      53.91,
      54.12
    ]
  }
}