{
  "config": {
    "run_name": "exp1_1",
    "out_dir": "./results",
    "seed": 1001485507,
    "device": null,
    "bs_train": 128,
    "bs_test": 32,
    "batches": 100,
    "epochs": 60,
    "early_stopping": 3,
    "checkpoints": null,
    "lr": 0.001,
    "reg": 0.001,
    "filters_per_layer": [
      64
    ],
    "pool_every": 3,
    "hidden_dims": [
      1024
    ],
    "model_type": "cnn",
    "kw": {
      "conv_params": {
        "kernel_size": 3,
        "padding": 1,
        "stride": 1
      },
      "activation_type": "relu",
      "activation_params": {},
      "pooling_type": "max",
      "pooling_params": {
        "kernel_size": 2,
        "stride": 2
      }
    },
    "layers_per_block": 4
  },
  "results": {
    "num_epochs": 8,
    "train_loss": [
      1.6020478507137055,
      1.207846297937281,
      1.032165237095045,
      0.8976805300054038,
      0.7818397274407585,
      0.6832195358050753,
      0.5953865385878726,
      0.5225652724580692
    ],
    "train_acc": [
      44.284,
      59.588,
      66.718,
      72.288,
      77.13,
      81.398,
      85.496,
      88.586
    ],
    "test_loss": [
      1.35386706960087,
      1.095481743256505,
      0.9727494941351894,
      0.9165245422159141,
      0.8694049683622659,
      0.9085053829148936,
      0.9911548987554666,
      1.053019638259571
    ],
    "test_acc": [
      51.44,
      60.37,
      65.44,
      67.6,
      69.64,
      69.44,
      68.13,
      67.69
    ]
  }
}