{
  "config": {
    "run_name": "exp1_2",
    "out_dir": "./results",
    "seed": 487656799,
    "device": null,
    "bs_train": 128,
    "bs_test": 32,
    "batches": 100,
    "epochs": 60,
    "early_stopping": 3,
    "checkpoints": null,
    "lr": 0.001,
    "reg": 0.001,
    "filters_per_layer": [
      32
    ],
    "pool_every": 2,
    "hidden_dims": [
      1024
    ],
    "model_type": "cnn",
    "kw": {
      "conv_params": {
        "kernel_size": 3,
        "padding": 1,
        "stride": 1
      },
      "activation_type": "relu",
      "activation_params": {},
      "pooling_type": "max",
      "pooling_params": {
        "kernel_size": 2
      }
    },
    "layers_per_block": 5
  },
  "results": {
    "num_epochs": 12,
    "train_loss": [
      1.740299287964316,
      1.3506760042341774,
      1.1785736925461714,
      1.0403469444235878,
      0.9320014495678874,
      0.8359849686207979,
      0.7581473119423517,
      0.685899838538426,
      0.6249936634622266,
      0.5694409521949261,
      0.5252851978744693,
      0.48391792681211093
    ],
    "train_acc": [
      37.222,
      53.026,
      59.924,
      65.32,
      69.574,
      73.284,
      76.72,
      79.748,
      82.448,
      84.812,
      86.646,
      88.526
    ],
    "test_loss": [
      1.444012051954056,
      1.2459595226251279,
      1.1154478691256464,
      1.0109884352348864,
      0.9788562468827342,
      0.9699258588183041,
      0.9764288064009085,
      1.0022904955731413,
      0.9644872187235104,
      0.983750472910488,
      1.086187640794169,
      1.1311900613787838
    ],
    "test_acc": [
      47.2,
      56.0,
      60.71,
      64.63,
      65.89,
      66.74,
      66.7,
      66.69,
      68.36,
      68.26,
      66.8,
      66.56
    ]
  }
}