{
  "config": {
    "run_name": "exp1_4_NoDrop",
    "out_dir": "./results",
    "seed": 1008925868,
    "device": null,
    "bs_train": 128,
    "bs_test": 32,
    "batches": 100,
    "epochs": 60,
    "early_stopping": 3,
    "checkpoints": null,
    "lr": 0.001,
    "reg": 0.001,
    "filters_per_layer": [
      32
    ],
    "pool_every": 5,
    "hidden_dims": [
      1024
    ],
    "model_type": "resnet",
    "kw": {
      "batchnorm": true,
      "pooling_type": "avg",
      "conv_params": {
        "kernel_size": 3,
        "padding": 1,
        "stride": 1
      },
      "activation_type": "relu",
      "activation_params": {},
      "pooling_params": {
        "kernel_size": 2,
        "stride": 2
      }
    },
    "layers_per_block": 8
  },
  "results": {
    "num_epochs": 10,
    "train_loss": [
      1.5151090097549322,
      1.0196125636930051,
      0.8238356427463425,
      0.7059170218075023,
      0.6097897019075311,
      0.5314001275602814,
      0.46121808429203376,
      0.4104818099218866,
      0.35506222989705516,
      0.3154817032234748
    ],
    "train_acc": [
      47.438,
      66.946,
      74.238,
      78.948,
      82.93,
      86.498,
      89.624,
      91.59,
      93.85,
      95.176
    ],
    "test_loss": [
      1.2303457945680465,
      0.9593699631599573,
      0.8426341881005528,
      0.8345045834874955,
      0.8198695690296709,
      0.8580518860024766,
      0.9020384635788183,
      0.9315974974213317,
      1.0016649570137548,
      1.0387854514221033
    ],
    "test_acc": [
      56.22,
      65.98,
      70.56,
      71.55,
      72.35,
      72.17,
      72.53,
      71.87,
      71.04,
      70.4
    ]
  }
}